"name","author","reviews","price","students","total","hours","lectures","link"
"The Ultimate Guide to Clickfunnels 2.0 by DigimuzThe Only Guide You’ll Ever Need For Your <strong>Clickfunnels</strong> 2.0 Journey and 10Xing your business with it!Rating: 4.1 out of 512 reviews10.5 total hours140 lecturesBeginner","Muz (Digimuz)",12,,,,10.5,140,"https://www.udemy.com/course/the-ultimate-guide-to-clickfunnels-20-by-digimuz/"
"The Ultimate ClickFunnels Training Course + FREE Funnels!How To Use <strong>ClickFunnels</strong> To Build High Converting Sales FunnelsRating: 4.6 out of 5607 reviews19.5 total hours121 lecturesIntermediate","Nathan Williams",607,,,,19.5,121,"https://www.udemy.com/course/the-ultimate-clickfunnels-training-course/"
"How To Create Sales Funnels Without ClickFunnels! No Costs!Build and automate your first sales funnel without any costs! Increase sales with proven effective sales funnels!Rating: 5.0 out of 5816 reviews42 total mins20 lecturesBeginner","Greg Gottfried",816,,,,42,20,"https://www.udemy.com/course/sales-funnels-without-clickfunnels/"
"Clickfunnels & Sales Funnels MASTERY in 2022 + FREE Funnels!Learn How To Use <strong>ClickFunnels</strong> & Build Awesome Sales Funnels from an 8 Figure Funnel Creator!Rating: 4.1 out of 52729 reviews6.5 total hours38 lecturesAll Levels","Kevin David",2,,,,6.5,38,"https://www.udemy.com/course/clickfunnelsninjamasterclass/"
"The Complete Clickfunnels and Shopify Sales Funnel CourseLearn how to use <strong>Clickfunnels</strong>, AppTrends, Shopify and Facebook Ads to Make Money and Sell Products with Sales FunnelsRating: 4.7 out of 5191 reviews7.5 total hours134 lecturesAll Levels","Adam Reed",191,,,,7.5,134,"https://www.udemy.com/course/the-complete-clickfunnels-and-shopify-sales-funnel-course/"
"Master Clickfunnels 2.0 & Start Building FunnelsStep-by-step learn everything you need to know to start using <strong>Clickfunnels</strong> 2.0 and to confidently build your funnels.Rating: 4.8 out of 52 reviews4.5 total hours38 lecturesBeginner","Convertain Media LLC, Iryna Rauchenwald",2,,,,4.5,38,"https://www.udemy.com/course/clickfunnels-2-point-0-course/"
"How To Create High Converting Optin Pages With ClickFunnelsWatch Over My Shoulder As I Show You All Of The Strategies Used To Create High Converting Optin Pages With <strong>ClickFunnels</strong>Rating: 4.9 out of 522 reviews1 total hour11 lecturesAll Levels","James Canzanella",22,,,,1,11,"https://www.udemy.com/course/clickfunnels-optin-pages/"
"Master Clickfunnels & Sales Funnels in 2023 + FREE Funnels!Master The Art on How To Use <strong>ClickFunnels</strong> & Build Amazing Sales Funnels from an 7 Figure Funnel Creator Jonathan MontoyaRating: 4.6 out of 521 reviews3.5 total hours30 lecturesBeginner","Jonathan Montoya",21,,,,3.5,30,"https://www.udemy.com/course/clickfunnels-mastery-complete-course-2019/"
"Clickfunnels for Marketing & Sales in 2021 + 7 FREE Funnels!Discover How To Jumpstart Your Success Within 30 Mins Using Our Simple Method To Model Already Hugely Successful FunnelsRating: 4.3 out of 55 reviews1.5 total hours14 lecturesBeginner","Travis Zeeman",5,,,,1.5,14,"https://www.udemy.com/course/clickfunnels-for-marketing-sales-in-2021-7-free-funnels/"
"How I Made 5 Figures a Month From Clickfunnels Affiliate?Copy & Paste My Secret Formula To Build 5-Figure Recurring Passive Income A Month with <strong>Clickfunnels</strong> Affiliate ProgramRating: 4.5 out of 532 reviews3.5 total hours22 lecturesAll Levels","TUNG PHAN",32,,,,3.5,22,"https://www.udemy.com/course/the-complete-clickfunnels-affiliate-marketing-course/"
"Tunnels de Vente Automatiques Sans Frais ni ClickFunnelsApprenez à créer/intégrer simplement des tunnels de vente impressionnants et automatisés sans <strong>ClickFunnels</strong> et sans fraisRating: 4.7 out of 55 reviews4 total hours36 lecturesBeginner","Soka Wakata",5,,,,4,36,"https://www.udemy.com/course/tunnels-de-vente-automatiques-sans-frais-ni-clickfunnels/"
"ClickFunnels 2.0 Sales Funnels & Courses Mastery In 2023Master Sales Funnels, Online Course Creation And Grow Your Business Using <strong>ClickFunnels</strong> 2.0Rating: 2.7 out of 56 reviews34 total mins10 lecturesBeginner","Mario Jurik",6,,,,34,10,"https://www.udemy.com/course/clickfunnels2mastery/"
"Sales Funnel Masterclass: Master Sales Funnels in MarketingComplete Hands Masterclass to build Sales Funnels without <strong>ClickFunnels</strong>! Increase Sales with Funnels Marketing StrategyRating: 4.8 out of 552 reviews30 total hours234 lecturesAll Levels","Passive Income Gen Z",52,,,,30,234,"https://www.udemy.com/course/sales-funnel-masterclass-master-sales-funnels-in-marketing/"
"ClickFunnels Affiliate Secrets - Affiliate Marketing 2023Become A Highly Paid Affiliate Marketer Using <strong>ClickFunnels</strong> Affiliate ProgramRating: 4.5 out of 563 reviews4 total hours17 lecturesAll Levels","Mario Jurik",63,,,,4,17,"https://www.udemy.com/course/affiliatesecrets/"
"Le guide ultime pour l'optimisation des Tunnels de VentesApprenez à créer un Entonnoir de vente rentable de A à Z sans abonnement et générer vos premières ventes en automatiqueRating: 4.5 out of 535 reviews5.5 total hours41 lecturesBeginner","Dr. Firas | Machine Learning et Big Data",35,,,,5.5,41,"https://www.udemy.com/course/formation-creation-des-tunnels-de-ventes-systeme-io-clickfunnels/"
"Comment créer Tunnel de vente sans ClickFunnels! Sans fraisConstruisez et automatisez votre Tunnel de vente sans aucun frais ! Augmentez les ventes avec des Tunnels efficaces !Rating: 4.7 out of 58 reviews2 total hours19 lecturesBeginner","Dr. Firas | Machine Learning et Big Data",8,,,,2,19,"https://www.udemy.com/course/comment-creer-tunnel-de-vente-sans-clickfunnels-sans-frais/"
"Certification Tunnel de vente : Clickfunnels & Systeme ioApprenez à créer un Entonnoir de vente rentable de A à Z sans abonnement et générer vos premières ventes en automatiqueRating: 4.5 out of 526 reviews8 total hours58 lecturesBeginner","Dr. Firas | Europe Innovation",26,,,,8,58,"https://www.udemy.com/course/formation-tunnel-de-vente-clickfunnels-systeme-io/"
"Shopify Dropshipping - Scale to 7 figures with Clickfunnels!Build High Converting Sales Funnels that will 5x Revenue in Your Dropshipping BusinessRating: 4.6 out of 523 reviews4 total hours42 lecturesAll Levels","Cheryl Spencer - Top Instructor",23,,,,4,42,"https://www.udemy.com/course/ecommerce-clickfunnels-for-shopify/"
"Build High-Converting Sales Funnels & Master ClickFunnelsLearn to Create High-Converting Sales Funnels with <strong>ClickFunnels</strong> and Grow Your Business without Technical ExpertiseRating: 0.0 out of 50 reviews3 total hours45 lecturesAll Levels","Sascha Meier",,,,,3,45,"https://www.udemy.com/course/succeeder-secrets-funnels/"
"ClickFunnels Affiliate TrainingSimple Inexpensive Strategies That A Complete Beginner Can Implement To Begin Referring <strong>ClickFunnels</strong> UsersRating: 3.7 out of 57 reviews1 total hour10 lecturesAll Levels","IMSource Academy",7,,,,1,10,"https://www.udemy.com/course/clickfunnels-affiliate-training/"
"Create Free Sales Funnels & Websites Without ClickFunnelsBuild & automate your sales funnel from scratch without any recurring costs! Increase sales with effective sales funnelsRating: 4.0 out of 511 reviews2.5 total hours28 lecturesBeginner","Ieva Olebunne",11,,,,2.5,28,"https://www.udemy.com/course/create-free-sales-funnels-websites-without-clickfunnels/"
"ClickFunnels 2023: Sales Funnel & Courses + FREE Funnels!Learn How To Use <strong>ClickFunnels</strong> & Build Awesome Sales Funnels, Self-Hosted Online Courses And Membership Areas!Rating: 3.9 out of 528 reviews2 total hours17 lecturesAll Levels","Mario Jurik",28,,,,2,17,"https://www.udemy.com/course/clickfunnelscourse/"
"ClickFunnels Sales: Email Sales Funnels With ClickFunnels<strong>ClickFunnels</strong>, MailChimp, Aweber & GetResponse autoresponder copywriting. Online email sales strategy using <strong>ClickFunnels</strong>Rating: 3.9 out of 538 reviews2 total hours54 lecturesBeginner","Zachary Miller, Alex Genadinik's Teaching Assistant",38,,,,2,54,"https://www.udemy.com/course/dirty-secrets-to-affiliate-and-email-sales-funnel-marketing/"
"ClickFunnels Dropshipping 2022 Mastery Course | FREE FunnelsThe #1 Guide to <strong>ClickFunnels</strong> Dropshipping & EcommerceRating: 4.2 out of 523 reviews6.5 total hours15 lecturesBeginner","Pete Pru",23,,,,6.5,15,"https://www.udemy.com/course/clickfunnels-ecommerce-dropshipping/"
"Ultimate ClickFunnels Dropshipping Mastery Course 2022!The #1 Guide to <strong>ClickFunnels</strong> Dropshipping & EcommerceRating: 4.2 out of 524 reviews5.5 total hours20 lecturesBeginner","Pete Pru",24,,,,5.5,20,"https://www.udemy.com/course/ultimate-clickfunnels-dropshipping-mastery-course/"
"How To Create An Info Product Funnel With ClickFunnelsThe A-Z guide for selling your info product with <strong>ClickFunnels</strong> (even if you've never made a sale before).Rating: 4.3 out of 519 reviews1.5 total hours10 lecturesAll Levels","James Canzanella",19,,,,1.5,10,"https://www.udemy.com/course/clickfunnels-sales-funnel/"
"Shopify Dropshipping - Scale to 7 figures with Clickfunnels!Complete eCommerce Training: Master Shopify, AliExpress Dropshipping, Facebook Advertising & <strong>Clickfunnels</strong> eCommerceRating: 4.2 out of 5374 reviews8 total hours81 lecturesAll Levels","Cheryl Spencer - Top Instructor",374,,,,8,81,"https://www.udemy.com/course/clickfunnels-ecommerce/"
"How To Create Affiliate Marketing Funnels With ClickFunnelsHere's How To Setup And Make Commissions Using 2 Simple <strong>ClickFunnels</strong> PagesRating: 4.2 out of 549 reviews1.5 total hours11 lecturesAll Levels","James Canzanella",49,,,,1.5,11,"https://www.udemy.com/course/clickfunnels-affiliate-marketing/"
"Maîtrisez ClickFunnels de A à ZApprenez à créer des tunnels de ventes ultra rentable avec cet outil révolutionnaireRating: 3.4 out of 531 reviews3 total hours25 lecturesBeginner","SOLO Marketing",31,,,,3,25,"https://www.udemy.com/course/maitrisez-clickfunnels-de-a-a-z/"
"Digital Marketing Strategy - Profitable Sales Funnel MasteryLearn to build a profitable sales funnel through captivating free offers, sales pages and email marketing sequences.Rating: 4.7 out of 5446 reviews12.5 total hours70 lecturesAll Levels","Maggie Stara",446,,,,12.5,70,"https://www.udemy.com/course/profitable-sales-funnel-mastery/"
"The Ultimate Digital Marketing Bundle: 33-Courses-In-1!Master Digital Marketing Strategy, Social Media, Shopify, Instagram, Facebook, Amazon, YouTube, Podcast, Photoshop +MORERating: 4.5 out of 51646 reviews34 total hours304 lecturesAll Levels","Entrepreneur Academy, Benjamin Wilson",1,,,,34,304,"https://www.udemy.com/course/digital-marketing-bundle/"
"How To Get Started With ClickFunnels To Maximize Your ResultLearn How To Enhance Your Business Success With <strong>ClickFunnels</strong> In Days From Now, <strong>ClickFunnels</strong> Gives You EVERYTHING!Rating: 2.5 out of 51 review2.5 total hours41 lecturesBeginner","The Elite Team",,,,,2.5,41,"https://www.udemy.com/course/how-to-get-started-with-clickfunnels-to-maximize-your-result/"
"Mega Digital Marketing Course A-Z: 12 Courses in 1 + UpdatesDigital Marketing Strategy, Social Media Marketing, WordPress, SEO, Digital Sale, Email, Instagram, Facebook, ads ..Rating: 4.5 out of 512905 reviews68 total hours476 lecturesAll Levels","Pouya Eti • Digital Marketing Expert",12,,,,68,476,"https://www.udemy.com/course/digital-marketing-strategy-course-wordpress-seo-instagram-facebook/"
"Social Media Marketing Agency : Digital Marketing + BusinessLearn to build a business, find clients, & social media marketing all in one. Facebook ads, Instagram, Google ads & ...Rating: 4.4 out of 56027 reviews52 total hours385 lecturesAll Levels","Pouya Eti • Digital Marketing Expert",6,,,,52,385,"https://www.udemy.com/course/social-media-marketing-agency-digital-business-facebook-ads-instagram/"
"VIP Digital Marketing Master Course : 31 Courses in 1Digital Marketing Course : Instagram marketing, Facebook, SEO, Google ads, Youtube, Email & Mailchimp, Wordpress & ...Rating: 4.7 out of 53718 reviews65 total hours473 lecturesAll Levels","Pouya Eti • Digital Marketing Expert",3,,,,65,473,"https://www.udemy.com/course/digital-marketing-course-social-media-best-instagram-facebook-seo/"
"如何學會ClickFunnels銷售漏斗網站建構 2022 ！了解如何使用ClickFunnels並構建出色的銷售渠道！Rating: 4.1 out of 513 reviews2 total hours21 lecturesAll Levels","Yen Ting Yu",13,,,,2,21,"https://www.udemy.com/course/clickfunnels-2020-x-3/"
"ClickFunnels : Formation complète + Modèles tunnels de venteDécouvrez <strong>ClickFunnels</strong>, et comment ce service va révolutionner votre businessRating: 4.4 out of 513 reviews2.5 total hours21 lecturesBeginner","Digital Innovation | Les Experts",13,,,,2.5,21,"https://www.udemy.com/course/clickfunnels-formation-complete-modeles-tunnels-de-vente/"
"Créer un tunnel qui CARTONNE avec ClickFunnels et AliexpressVéritable MACHINE A VENDRE - Formation 100% Pratique - OFFRE SPECIALE <strong>ClickFunnels</strong> pour les étudiants de ce coursRating: 4.3 out of 5256 reviews5.5 total hours70 lecturesBeginner","Lionel Invest",256,,,,5.5,70,"https://www.udemy.com/course/creer-un-tunnel-de-vente-qui-cartonne-avec-clickfunnels-et-aliexpress/"
"ClickFunnelsとMailChimpでメールマーケティングを自動化する方法ClickFunnelsにはSMTPの機能があり、メールを送ることはできますが、比較的長めのステップメールを送信するのには向いていません。本コースでは、MailChimpと連携させ、メールマーケティングを自動化する方法をご紹介します。Rating: 2.9 out of 52 reviews1 total hour11 lecturesAll Levels","石崎力也 (RIKIYA ISHIZAKI), あずさ 鈴木",2,,,,1,11,"https://www.udemy.com/course/clickfunnels-mailchimp/"
"The Complete ClickFunnels For eCom Training! + FREE Funnels!Learn How to Build Amazing Funnels for eCommerce Business & Quadruple Your Sales Funnels ConversionRating: 3.7 out of 529 reviews2 total hours17 lecturesBeginner","Aviv Malka",29,,,,2,17,"https://www.udemy.com/course/the-complete-clickfunnels-for-ecom-training-free-funnels/"
"Shopify Sales Funnels for eCommerce + Facebook AdvertisingBuild High Converting eCommerce Sales Funnels + Learn Facebook Advertising Secrets [FREE FUNNELS]Rating: 4.3 out of 561 reviews5.5 total hours57 lecturesAll Levels","Cheryl Spencer - Top Instructor",61,,,,5.5,57,"https://www.udemy.com/course/ecommerce-clickfunnels-shopify/"
"Clickfunnels :  Maîtriser son fonctionnement de A à Z !Apprenez à maîtriser l'outil indispensable des meilleurs marketeurs du monde pour créer des tunnels de vente automatisésRating: 4.3 out of 524 reviews1.5 total hours18 lecturesBeginner","Julien Baron",24,,,,1.5,18,"https://www.udemy.com/course/comprendre-et-maitriser-le-fonctionnement-de-clickfunnels/"
"Clickfunnels: Como Crear Embudos de Venta de Alta ConversiónCurso de <strong>Clickfunnels</strong>: Consigue Captar Clientes y Escala Tu Negocio Utilizando Los Embudos De VentaRating: 4.8 out of 5261 reviews6 total hours50 lecturesAll Levels","Nico Ciana",261,,,,6,50,"https://www.udemy.com/course/clickfunnels-espanol/"
"ClickFunnels in italiano: Costruzione funnelGuida per diventare esperti nella costruzione di funnelRating: 5.0 out of 53 reviews10 total hours60 lecturesExpert","Pietro Forestieri",3,,,,10,60,"https://www.udemy.com/course/funnel-hacker-secrets/"
"Solo Ad Academy:  Build A Quality Email List - All LevelsLearn step by step how to build an active email list of subscribers in no time using solo ads (proven and tested)Rating: 4.7 out of 510 reviews4.5 total hours48 lecturesAll Levels","Louqman Memi",10,,,,4.5,48,"https://www.udemy.com/course/soloadstraining-academyforbeginners-unlimited-traffic/"
"The 7 Phases & 33 Building Blocks of Every Sales FunnelBecome a Sales Funnel PRO with my step-by-step guide to success. Speed up your success + <strong>ClickFunnels</strong> templates for you.Rating: 3.9 out of 534 reviews1.5 total hours13 lecturesIntermediate","Zachary Miller",34,,,,1.5,13,"https://www.udemy.com/course/the-7-phases-and-33-building-blocks-of-every-sales-funnel/"
"Digital Marketing: Complete Marketing Automation CourseLearn To Automate Emails, SMS, Successful & Failed Payments, Lead Generation Automations, CRM Automations and more!Rating: 4.7 out of 525 reviews9 total hours48 lecturesAll Levels","Rrishi Patni",25,,,,9,48,"https://www.udemy.com/course/automation-in-digital-marketing-complete-a-to-z-course/"
"The Break-Even Sales Funnel Blueprint & Fundamentals GuideBecome a salesforce with a marketing strategy proven by 100+ millionaires. Online marketing & business just got easy.Rating: 4.2 out of 553 reviews10 total hours78 lecturesAll Levels","Zachary Miller",53,,,,10,78,"https://www.udemy.com/course/the-break-even-sales-funnel-blueprint-and-fundamentals-guide/"
"Business Automation with Click Funnels for Maximum ProfitHow to automate your business operation with email marketing, internet marketing, and website creation with Click FunnelRating: 0.0 out of 50 reviews1.5 total hours20 lecturesAll Levels","Dr Olusola Coker",,,,,1.5,20,"https://www.udemy.com/course/business-automation-with-click-funnels-for-maximum-profit/"
"Ecommerce & Marketing course: Agency, Marketer, AffiliateBest Ecommerce & Digital Marketing course, social media marketing, sales funnels, WordPress website, SEO, Ads, ...Rating: 4.5 out of 51141 reviews51 total hours362 lecturesBeginner","Rad Group, Pouya Eti • Digital Marketing Expert",1,,,,51,362,"https://www.udemy.com/course/best-ecommerce-marketing-course-agency-affiliate-freelancer-social-ads/"
"【クリックファネル入門】ClickFunnelsの使い方と3種類のファネル構築をマスターしようクリックファネルの初期設定や基本的な使い方だけでなく、クリックファネルで作れる3種類のファネル＝セールスファネル・オートウェビナーファネル・オプトインファネルの構築に必要な機能や流れを解説しています。Rating: 5.0 out of 58 reviews4 total hours56 lecturesAll Levels","野村美津子 （Mitsuko Nomura）, コッシーこと小塩 遼（Kosshi）",8,,,,4,56,"https://www.udemy.com/course/clickfunnels_basic/"
"Organic Marketing Accelerator - Free leads everydayDon't risk to pay for ads and get ZERO SALES on your coaching program! Learn How to Get 20-30 FREE leads on facebookRating: 4.8 out of 52 reviews2.5 total hours17 lecturesIntermediate","Angel Rodian",2,,,,2.5,17,"https://www.udemy.com/course/organic-marketing-accelerator-free-leads-organically/"
"5 jours pour trouver le produit Gagnant avec ClickFunnelsL'indispensable avant d'ouvrir sa boutique ShopifyRating: 4.3 out of 568 reviews3 total hours39 lecturesIntermediate","Lionel Invest",68,,,,3,39,"https://www.udemy.com/course/5-jours-pour-trouver-le-produit-gagnant-avec-clickfunnels/"
"How To Boost Amazon Shopify Ebay Etsy Sale With ClickfunnelsCreate your marketing funnel to do Amazon SEO boost Shopify Sale And Sell More on Etsy Dropshipping aliexpress drop shipRating: 4.0 out of 521 reviews1 total hour15 lecturesAll Levels","Nick Tsai",21,,,,1,15,"https://www.udemy.com/course/clickfunnels-reviews-amazon-shopify-ebay-etsy-sale-with-clickfunnels/"
"Sales Funnel Mastery: The Bridge Page Sales FunnelIncrease conversions. Take email optins from free to paid in seconds. Use my sales scripts & <strong>ClickFunnels</strong> sales funnels.Rating: 4.1 out of 542 reviews2.5 total hours19 lecturesAll Levels","Zachary Miller",42,,,,2.5,19,"https://www.udemy.com/course/sales-funnel-mastery-the-bridge-page-sales-funnel/"
"Sales Funnels, Conversions & Digital Marketing MasterClassTools, Tips and Step-by-Step Processes to Build Effective Leak-Proof Conversion-Boosting Sales FunnelsRating: 4.7 out of 579 reviews4 total hours34 lecturesAll Levels","iMarket XL, Ayana Webb",79,,,,4,34,"https://www.udemy.com/course/sales-funnels-conversions/"
"Corso Funnel MarketingCorso ""Pratico"" e ""Completo"" di Funnel Marketing, sistema solido ed efficace per farti aumentare clienti e venditeRating: 4.1 out of 5152 reviews4 total hours32 lecturesBeginner","Pasquale Miele",152,,,,4,32,"https://www.udemy.com/course/corso-funnel-marketing/"
"Autopilot Affiliate Marketing Success With 20 Minutes a DayDetailed super affiliate marketing strategy used by top affiliate marketers to earn Clickbank commissions quicklyRating: 4.0 out of 590 reviews17 total hours111 lecturesAll Levels","Sean Bagheri",90,,,,17,111,"https://www.udemy.com/course/autopilot-super-affiliate-marketing/"
"Sales Funnels Meisterkurs: Der Komplette Sales Funnels KursErhöhe Verkaufszahlen, skaliere dein Unternehmen, erzeuge mehr Reichweite & etabliere deine Brand durch Sales FunnelsRating: 4.0 out of 5143 reviews5 total hours41 lecturesAll Levels","eCommerce Hero",143,,,,5,41,"https://www.udemy.com/course/sales-funnels-meisterkurs-der-komplette-sales-funnels-kurs/"
"Digital Marketing Ultimate Course Bundle - 13 Courses in 1Learn Digital Marketing with Sales Funnels, Cold Email, Facebook Ads, Google Ads, LinkedIn, SEO, WordPress and VideosRating: 4.3 out of 5569 reviews27 total hours249 lecturesAll Levels","Juan E. Galvan",569,,,,27,249,"https://www.udemy.com/course/digital-marketing-ultimate-course-bundle-11-courses-in-1/"
"Clickfunnels - Tunnel de Vente : Créer sa machine à clientsFormation pour apprendre à automatiser ton business avec ta propre liste d'email et ton tunnel de venteRating: 4.2 out of 558 reviews2 total hours20 lecturesBeginner","Julien Baron",58,,,,2,20,"https://www.udemy.com/course/machine-a-prospects-tunnel-de-vente/"
"Funnel Masterkurs - In 4 Wochen zur profitablen WebsiteKlare Anleitung wie du innerhalb von 4 Wochen mit deiner Website, mit dem gleichen Prinzip Geld verdienstRating: 4.7 out of 55 reviews2 total hours14 lecturesBeginner","Christoph Mühlböck",5,,,,2,14,"https://www.udemy.com/course/funnel-masterkurs/"
"Zapier - The Easiest Way To Automate Work: 8 Course BundleZapier-The Easiest Automation For Busy People, Trello, Slack, <strong>ClickFunnels</strong>, LinkedIn, Pinterest, Wishlist And Shopify.Rating: 3.7 out of 581 reviews10.5 total hours262 lecturesBeginner","The Elite Team",81,,,,10.5,262,"https://www.udemy.com/course/zapier-the-easiest-way-to-automate-your-work/"
"Use GoHighLevel as an Affiliate Marketer or InfluencerI bet you'll learn something new about affiliate marketing while learning the HighLevel software step-by-step!Rating: 4.9 out of 56 reviews2 total hours12 lecturesBeginner","Clifford Paulick",6,,,,2,12,"https://www.udemy.com/course/gohighlevel-for-affiliate-marketing-or-influencer/"
"ClickFunnelsの使い方 - セールスファネルを作り商品を登録するClickFunnelsで設計図としてのセールスファネルを作成する方法やProductでの商品の登録方法、ClickFunnelsのメルマガ配信機能の設定、パスというWordPressでいうパーマリンクの設定を丁寧に解説しました。Rating: 4.8 out of 519 reviews10.5 total hours42 lecturesAll Levels","石崎力也 (RIKIYA ISHIZAKI), あずさ 鈴木",19,,,,10.5,42,"https://www.udemy.com/course/clickfunnels-salesfunnel/"
"Dominando Clickfunnels - Cómo crear una página de aterrizaje<strong>CLICKFUNNELS</strong>: Descubre el proceso completo de cómo crear desde cero un landing page o página de aterrizajeRating: 0.0 out of 50 reviews3 total hours22 lecturesBeginner","Klinsmann Fabian",,,,,3,22,"https://www.udemy.com/course/dominando-clickfunnels-como-crear-una-pagina-de-aterrizaje/"
"Clickbank Affiliate Marketing Academy Without a WebsiteProven & tested methods for massive success as a clickbank affiliate, No website needed, 100% beginners friendlyRating: 4.3 out of 5144 reviews8 total hours94 lecturesAll Levels","Louqman Memi",144,,,,8,94,"https://www.udemy.com/course/clickbank-affiliate-marketing-no-website-beginners-tutorial/"
"Affiliate Monster (Complete) - हिंदी में Affiliate Marketingनई-नई शुरुआत करने वाले लोगों के लिए छोटे छोटे स्टेप में Affiliate Marketing पाठ्यक्रमRating: 4.2 out of 534 reviews9 total hours50 lecturesBeginner","Smart Banya",34,,,,9,50,"https://www.udemy.com/course/affiliate-monster-complete-affiliate-marketing/"
"Online-Marketing: Sales Funnel Grundlagen und LandingpagesLerne, Du Verkaufstrichter erstellst und im Online-Marketing nutzt, um Umsätze zu erhöhen!Rating: 4.7 out of 520 reviews3 total hours16 lecturesAll Levels","Sebastian Glöckner Marketing, Sebastian Glöckner, Sebastian Glöckner Support",20,,,,3,16,"https://www.udemy.com/course/online-marketing-sales-funnel-grundlagen/"
"How to Make Professional Online Sales FunnelsLearn how to build a profitable, online sales funnel from start to finish.Rating: 4.9 out of 569 reviews6.5 total hours49 lecturesAll Levels","Brian Gray, Mark Tandan",69,,,,6.5,49,"https://www.udemy.com/course/how-to-make-professional-online-sales-funnels/"
"List Building Formula: Learn Email Marketing & Grow BusinessList Building | Email Marketing | Lead Generation | Funnels | Affiliate Marketing Traffic | Landing Pages | Lead MagnetRating: 5.0 out of 56 reviews4 total hours24 lecturesAll Levels","Suneel Hegde",6,,,,4,24,"https://www.udemy.com/course/list-building-formula/"
"ClickFunnels（クリックファネル）で独自ドメインを使う方法独自ドメインを運用する上で知っておくべき知識Rating: 5.0 out of 56 reviews1 total hour22 lecturesAll Levels","下坂栄里子 (ERIKO SHIMOSAKA)",6,,,,1,22,"https://www.udemy.com/course/clickfunnels-domain/"
"Build A 6-Figure Online Course Business From Scratch In 2023How To Build And Grow 6-Figure Online Course Even Without Technical Skills, Money Or FollowingRating: 4.5 out of 56 reviews5.5 total hours24 lecturesAll Levels","Mario Jurik",6,,,,5.5,24,"https://www.udemy.com/course/online-course-mentorship/"
"Amazon FBA : Créer un e-commerce rentable sans se ruinerLe guide complet étapes par étapes pour se créer des revenu passif sur Amazon, sans expérience ni avoir à se ruiner.Rating: 3.5 out of 5162 reviews12.5 total hours121 lecturesAll Levels","Benjamin Le Majestueux",162,,,,12.5,121,"https://www.udemy.com/course/amazon-fba-creer-un-e-commerce-rentable-sans-se-ruiner/"
"LA Machine à CASH (Formation Privée)Le système le plus complet pour mettre en place des ventes en automatiqueRating: 4.9 out of 512 reviews7 total hours67 lecturesBeginner","Cours de Lionel Invest, Lionel Invest",12,,,,7,67,"https://www.udemy.com/course/la-machine-a-cash/"
"Sales Funnels Masterclass: Increase Sales With Sales FunnelsLearn to create highly converting sales, conduct professional email marketing & 10X your sales with sales funnel fast!Rating: 4.3 out of 5585 reviews4.5 total hours40 lecturesAll Levels","eCommerce Hero",585,,,,4.5,40,"https://www.udemy.com/course/sales-funnels-masterclass-10x-your-sales-with-sales-funnels/"
"エバーグリーンウェビナーをClickFunnelsで実装する方法ClickFunnels（クリックファネル）でエバーグリーン / オートウェビナーを実現する方法。月額課金（定期購読）や高額商品に販売にオススメの手法です。Rating: 4.5 out of 520 reviews9 total hours31 lecturesIntermediate","石崎力也 (RIKIYA ISHIZAKI), あずさ 鈴木",20,,,,9,31,"https://www.udemy.com/course/how-to-create-evergreen-webinar-with-clickfunnels/"
"Sales Funnels für Beginner: Der Komplette Sales Funnels KursLerne Sales Funnels zu planen, erstellen & verbessern - Wenn du Funnels schnell vestehen möchtest, bist du hier richtig!Rating: 4.1 out of 559 reviews2.5 total hours25 lecturesBeginner","eCommerce Hero",59,,,,2.5,25,"https://www.udemy.com/course/sales-funnels-fur-beginner-der-komplette-sales-funnels-kurs/"
"Passives Einkommen System 2.0Wie du dir ein passives 4- oder 5-stelliges Einkommen im Internet von Zuhause aufbaust (ohne eigenes Produkt)Rating: 4.3 out of 59 reviews10 total hours58 lecturesBeginner","Nico Böhler",9,,,,10,58,"https://www.udemy.com/course/passives-einkommen-system-2-0/"
"Sales Funnels: 20 Effektive Sales Funnels für UnternehmenErstelle 20 Sales Funnels, lerne sie zu optimieren und die Verkaufszahlen deines Unternehmens zu erhöhenRating: 2.9 out of 54 reviews3 total hours23 lecturesAll Levels","eCommerce Hero",4,,,,3,23,"https://www.udemy.com/course/sales-funnels-20-effektive-sales-funnels-fur-unternehmen/"
"Profitable Business Niche: Find An Ideal Business NicheBusiness differentiation and unique value proposition with niche research, a niche website, and niche marketingRating: 4.6 out of 587 reviews4 total hours49 lecturesBeginner","Alex Genadinik's Teaching Assistant, Alex Genadinik",87,,,,4,49,"https://www.udemy.com/course/how-to-find-your-business-niche/"
"Digital Real Estate Marketing & Lead Generation For RealtorsReal Estate Digital Marketing ,Content marketing, Social Media Marketing, SEO & funnel for Real Estate Agents & brokersRating: 3.8 out of 542 reviews6 total hours84 lecturesAll Levels","Nick Tsai",42,,,,6,84,"https://www.udemy.com/course/digital-marketing-lead-generation-for-realtors-brokers/"
"24 Certifications en Développement Web : 100% PRATIQUE +100h100 Heures de cours Shopify, Java, Wordpress, Elementor, C#, HTML5, CSS3, JAVASCRIPT, DJANGO, PYTHON, DOCKER, PHP, MYSQLRating: 4.3 out of 5164 reviews100 total hours795 lecturesBeginner","Dr. Firas | Europe Innovation, Ing.Seif | Europe Innovation",164,,,,100,795,"https://www.udemy.com/course/certification-en-developpement-web-cours-pratiques/"
"Build A Profitable Online Business Using A Sales FunnelHow To Use Build A Profitable Online Business Using A Sales FunnelRating: 5.0 out of 538 reviews7 total hours39 lecturesAll Levels","Brandon Duff",38,,,,7,39,"https://www.udemy.com/course/build-a-profitable-online-business/"
"ClickFunnels（クリックファネル）の使い方｜売れるセールスファネルを構築する方法ClickFunnels（クリックファネル）を活用して、「オートウェビナーファネル」「プロダクトローンチファネル」「2ステップトリップワイヤーファネル」を構築する方法Rating: 4.2 out of 513 reviews4 total hours63 lecturesBeginner","横山 允彦",13,,,,4,63,"https://www.udemy.com/course/clickfunnels-master-program/"
"Network Marketing: Il Corso FondamentaleCome creare un Sistema Automatico e Duplicabile di Vendita e SponsorizzazioneRating: 3.8 out of 5168 reviews20.5 total hours46 lecturesAll Levels","Gianluca Sidoti",168,,,,20.5,46,"https://www.udemy.com/course/network-marketing-il-corso-fondamentale/"
"The Free + Shipping Sales FunnelConvert email subscribers into big buyers! Conversion optimization, marketing, sales scripts, funnels, templates + more!Rating: 4.3 out of 518 reviews5 total hours40 lecturesAll Levels","Zachary Miller",18,,,,5,40,"https://www.udemy.com/course/free-plus-shipping-sales-funnel/"
"All in One Digital Marketing Masterclass for Passive IncomeThe Perfect Course: Digital Marketing, Google Adwords, Facebook Ads, WordPress, <strong>Clickfunnels</strong>, Email Marketing & More!Rating: 3.5 out of 511 reviews7 total hours81 lecturesBeginner","Mia Mohammad Abdullah Al Mamun",11,,,,7,81,"https://www.udemy.com/course/all-in-one-digital-marketing-masterclass-for-passive-income/"
"Digital Sales MasterclassBuild Automatic Sales FunnelsRating: 4.9 out of 518 reviews4 total hours11 lecturesBeginner","Tim Cortinovis",18,,,,4,11,"https://www.udemy.com/course/digital-sales-masterclass/"
"Sales Funnels for Beginners: The Complete Funnel MasterclassGet started setting up highly converting sales funnels incorporating Facebook ads, email marketing & content strategiesRating: 3.9 out of 5235 reviews2.5 total hours28 lecturesBeginner","eCommerce Hero",235,,,,2.5,28,"https://www.udemy.com/course/sales-funnels-for-beginners-the-complete-funnel-masterclass/"
"The Complete Ecommerce Dropshipping Business CourseBuild your own Highly Profitable Ecom Business with a simple, proven system - No Shopify. No Amazon FBA. No <strong>ClickFunnels</strong>Rating: 4.3 out of 535 reviews2.5 total hours66 lecturesAll Levels","Eugene Torres",35,,,,2.5,66,"https://www.udemy.com/course/the-complete-ecommerce-dropshipping-business-course/"
"Build Conversion-Driven WordPress Sales Funnels for freeWhat is a Sales Funnel, Examples and How to Create One for your Digital Marketing. Everything You Need to Know.Rating: 4.1 out of 558 reviews2 total hours36 lecturesBeginner","Dejan Majkic",58,,,,2,36,"https://www.udemy.com/course/the-sales-funnels-explained-course/"
"Online endlich mehr verkaufen: Der perfekte Sales-FunnelWie du Schritt für Schritt Website-Besucher gewinnst und zu zahlenden Kunden machst - inklusive E-Mail-Marketing & Ads.Rating: 4.0 out of 516 reviews22.5 total hours186 lecturesAll Levels","Alexander Schreiner, Sebastian Glöckner",16,,,,22.5,186,"https://www.udemy.com/course/sales-funnel-aufbauen/"
"Affiliate Marketing with The Bluehost Affiliate ProgramScale to six figures with affiliate marketing and the Bluehost affiliate programRating: 4.5 out of 519 reviews3.5 total hours32 lecturesAll Levels","Alston Godbolt",19,,,,3.5,32,"https://www.udemy.com/course/bluehost-affiliate-program-affiliate-marketing/"
"Solo Ad Secrets: Build A Private 100K+ Email Marketing ListSolo ads aren't hard, but mastery of solo ads requires sales funnels, landing pages, tracking & some marketing know-how.Rating: 3.8 out of 5139 reviews6.5 total hours64 lecturesAll Levels","Zachary Miller",139,,,,6.5,64,"https://www.udemy.com/course/solo-ad-mastery-secrets-build-a-private-100k-email-marketing-list/"
"The Online Marketing Consultant: Il Corso Definitivo 2023Diventa un Consulente di Digital Marketing di successo, con un corso pratico e completo.Rating: 4.9 out of 514 reviews8.5 total hours44 lecturesAll Levels","Simone Mattioli",14,,,,8.5,44,"https://www.udemy.com/course/the-online-marketing-consultant-il-corso-definitivo-2022/"
"How To Build A Converting Landing Page From ScratchThe complete step-by-step guide to build landing pages that convert at 50% instantlyRating: 4.6 out of 5253 reviews1 total hour30 lecturesBeginner","Sandor Kiss, Patrick Dermak",253,,,,1,30,"https://www.udemy.com/course/how-to-build-a-converting-landing-page-from-scratch/"
"Make Money from Home with Online EducationLearn how to create a top-quality online course and make it profitable with YouTube Ads, Facebook Ads and Google Ads.Rating: 4.6 out of 541 reviews6 total hours83 lecturesBeginner","Hadelin de Ponteves",41,,,,6,83,"https://www.udemy.com/course/make-money-from-home-with-online-education/"
"Learn Affiliate Marketing for Beginners (Full Crack Course)The best affiliate marketing online and home business that you can start immediately (includes detailed instructions)Rating: 0.0 out of 50 reviews8.5 total hours66 lecturesAll Levels","Learn A Skill",,,,,8.5,66,"https://www.udemy.com/course/learn-affiliate-marketing-for-beginners-full-crack-course/"
"Sales-Funnel für Trainer, Coaches und BeraterSteigern Sie Ihre Einnahmen mit einem Sales-Funnel - technische Umsetzung mit der kostenlosen Software SendinblueRating: 4.4 out of 515 reviews1 total hour24 lecturesAll Levels","Kristoffer Ditz",15,,,,1,24,"https://www.udemy.com/course/sales-funnel-fur-trainer-coaches-und-berater/"
"Create Profitable High Converting Sales Funnels For FREELearn to build a profitable sales funnel for and automate your funnel without any costs using proven strategies.Rating: 4.8 out of 53 reviews1.5 total hours15 lecturesAll Levels","Sean Bagheri",3,,,,1.5,15,"https://www.udemy.com/course/high-converting-sales-funnels-free/"
"Advanced Affiliate Marketing Course (Hindi)Start Your Passive Income Today!Rating: 4.0 out of 55 reviews9.5 total hours52 lecturesAll Levels","Anant Vijay Soni",5,,,,9.5,52,"https://www.udemy.com/course/advanced-affiliate-marketing-course-hindi/"
"50 Tools Every Digital Marketer Must Know !!Learn The most useful 50 Digital Marketing tools which every marketer must knowRating: 3.2 out of 562 reviews1.5 total hours51 lecturesAll Levels","Abhishek Rajpurohit",62,,,,1.5,51,"https://www.udemy.com/course/51-tools-every-digital-marketer-must-know/"
"I Migliori Strumenti Per Il Digital MarketingCreare un vero Business OnlineRating: 3.7 out of 52 reviews2 total hours9 lecturesExpert","Pietro Forestieri",2,,,,2,9,"https://www.udemy.com/course/strumenti-digital-marketing/"
"Création d'un Tunnel de Vente avec Wordpress & CartFlowsJe vais vous présenter comment créer un Tunnel de Vente performant avec Wordpress et le plugin CartFlows.Rating: 3.9 out of 56 reviews1 total hour10 lecturesBeginner","Gérald Actus",6,,,,1,10,"https://www.udemy.com/course/creation-dun-tunnel-de-vente-avec-wordpress-cartflows/"
"How To Startup Your Own SaaS (Software As a Service) CompanyBuild The Next Breakthrough Startup SaaS Company - Bring Your Idea To LifeRating: 4.4 out of 5192 reviews6 total hours65 lecturesAll Levels","John Shea",192,,,,6,65,"https://www.udemy.com/course/how-to-startup-your-own-saas-software-as-a-service-company/"
"Obiettivo MarketersScopri il Marketing interattivo Strategico il nuovo Modo per vendere online e acquisire nuovi ClientiRating: 5.0 out of 51 review13.5 total hours100 lecturesAll Levels","Roberto Orecchioni",,,,,13.5,100,"https://www.udemy.com/course/obiettivo-marketers/"
"Build The Perfect SEO Optimized WordPress Website from A-ZAll your domain registration, website hosting, development, design, building, marketing, coding, and themes made easy.Rating: 4.6 out of 5134 reviews2.5 total hours48 lecturesBeginner","Zachary Miller",134,,,,2.5,48,"https://www.udemy.com/course/build-the-perfect-seo-optimized-wordpress-website-from-a-to-z/"
"Generate Leads With Facebook Ads For Local Business [2017]Learn How To Generate 92 Leads in 7 days! The Step-By-Step Facebook Advertising System For Local Businesses 2017Rating: 4.4 out of 5441 reviews2 total hours41 lecturesBeginner","Aimee Vo",441,,,,2,41,"https://www.udemy.com/course/generate-leads-with-facebook-ads-for-local-business/"
"Become ""Facebook Ads Professional"" & Start Earning OnlineBecome ""Facebook Ads Professional"" & Start Earning Online by providing freelance services or start your own AgencyRating: 4.3 out of 511 reviews3 total hours44 lecturesAll Levels","Faisal Abbas",11,,,,3,44,"https://www.udemy.com/course/become-facebook-ads-professional-and-start-earning-online/"
"Easy To Create Facebook Ad Funnels That ConvertHow to create Facebook Ad funnels when you are new to Facebook advertisingRating: 4.6 out of 524 reviews2.5 total hours37 lecturesBeginner","Gary Shouldis",24,,,,2.5,37,"https://www.udemy.com/course/easy-to-create-facebook-ad-funnels/"
"Affiliate Marketing for Beginners: Make Money OnlineStart an Affiliate Marketing Business from Scratch. Step by step instructions to build an online sustainable businessRating: 4.2 out of 5144 reviews4 total hours27 lecturesAll Levels","Sim Aulakh, Deepika Khanna",144,,,,4,27,"https://www.udemy.com/course/affiliate-marketing-for-beginners-make-money/"
"The Complete Beginners Guide To Building An Email ListThe step-by-step dead simple guide to building the most valuable asset in your online businessRating: 4.5 out of 520 reviews2.5 total hours28 lecturesAll Levels","IMSource Academy",20,,,,2.5,28,"https://www.udemy.com/course/the-complete-beginners-guide-to-building-an-email-list/"
"Jvzoo Affiliate Marketing Mastery 1 2 3- how to successhow to build a successful online passive income source using Jvzoo by youtube shelly , work for amazon associates tooRating: 3.9 out of 576 reviews1.5 total hours16 lecturesBeginner","Nick Tsai",76,,,,1.5,16,"https://www.udemy.com/course/jvzoo-affiliate-marketing-mastery-1-2-3-how-to-success/"
"GrooveFunnels Mastery | A-Z of GrooveFunnels | Funnel BeastSpecial Beta Course: Know the ins and outs of making High-Converting Sales Funnels using GroovefunnelsRating: 3.8 out of 514 reviews8 total hours65 lecturesAll Levels","Muz (Digimuz)",14,,,,8,65,"https://www.udemy.com/course/groovefunnels-mastery-by-digimuz/"
"Create Sales Funnels - Email Automations - MembershipLearn How To Create Your Own Sales Funnels, Email Automations, Course Membership And Blogs For Free.Rating: 4.4 out of 527 reviews1.5 total hours22 lecturesAll Levels","Sayan Roy",27,,,,1.5,22,"https://www.udemy.com/course/sales-funnel-builder-mastery/"
"Créer Son Business sur Internet à partir de Zéro en 4 jours.system io, <strong>clickfunnels</strong>, facebook, marketing, indépendance financière, entreprenariat, web marketing, tunnel de venteRating: 0.0 out of 50 reviews1 total hour17 lecturesBeginner","Pascal SELINOU",,,,,1,17,"https://www.udemy.com/course/creer-son-business-sur-internet-en-4-jours/"
"The Complete Facebook Sales Funnel BlueprintStop Wasteful Spending on Facebook Ads That Are Not Working. Use the Facebook Sales Funnel to Skyrocket Your Sales!Rating: 4.2 out of 51951 reviews12 total hours116 lecturesAll Levels","Diego Davila • 750.000+ Students, Backyard Courses",1,,,,12,116,"https://www.udemy.com/course/facebooksales/"
"Full WordPress Website For Beginners: Learn WordPress A-ZLearn how to create a complete website with WordPress (no coding) - Elementor, WooCommerce, Membership, Email forms &...Rating: 4.4 out of 5258 reviews14 total hours87 lecturesBeginner","Pouya Eti • Digital Marketing Expert, Rad Group",258,,,,14,87,"https://www.udemy.com/course/wordpress-website-beginners-tutorial-course-best-elementor-learn/"
"Sales Funnels Mastery 2023 | Build Autopilot Money MachinesHow to create outstanding sales funnels that maximize your profits and keep new incomes rolling in long after launch !Rating: 3.2 out of 572 reviews1 total hour11 lecturesAll Levels","Henry Zhang, Henry Zhang Support",72,,,,1,11,"https://www.udemy.com/course/click-funnel-sales-funnels-mini-course/"
"Best Clickbank Training For Beginners 2023Best Effective Clickbank 2023 with the best strategy from GuruRating: 4.1 out of 56 reviews1.5 total hours26 lecturesBeginner","Bach Luu",6,,,,1.5,26,"https://www.udemy.com/course/best-clickbank-training-for-beginners-2019/"
"TRAFFIC MANAGER -Experto en Marketing Digital + Funnels.El curso en el que aprenderás la profesión de Trafficker Digital, un oficio cada vez más demandado por los negocios.Rating: 4.5 out of 5110 reviews22.5 total hours65 lecturesBeginner","Josu Eizagirre Badiola",110,,,,22.5,65,"https://www.udemy.com/course/traffic-manager-experto-en-trafico-digital/"
"I segreti Di Facebook Ads e Google AdsLe migliori strategie per l'utilizzo di Facebook Ads e Google Ads che ti permetteranno di moltiplicare il tuo fatturatoRating: 1.0 out of 51 review6.5 total hours25 lecturesExpert","Pietro Forestieri",,,,,6.5,25,"https://www.udemy.com/course/fb-google-ads-secrets/"
"Sales Funnel PRO: Your Step-by-Step Guide to SuccessComplete, step-by-step walkthrough that will speed up your path to online success.Rating: 4.5 out of 5101 reviews1 total hour10 lecturesAll Levels","Nikhil  Kapoor, Sandor Kiss",101,,,,1,10,"https://www.udemy.com/course/sales-funnel-pro/"
"ClickFunnelsの使い方 - ページビルダーでランディングページを作る方法ClickFunnelsでウェブページ、LPを作成する際に知っておくべき用語の説明はもちろん、どのようにページを構成していくかを丁寧に解説しました。Rating: 4.7 out of 54 reviews1.5 total hours18 lecturesAll Levels","石崎力也 (RIKIYA ISHIZAKI), あずさ 鈴木",4,,,,1.5,18,"https://www.udemy.com/course/clickfunnels-pagebuilder/"
"Marketing Digital Acelerado: Para Escalar Pequeñas EmpresasUn curso especializado para escalar negocios locales sin importar la situaciónRating: 0.0 out of 50 reviews3 total hours23 lecturesBeginner","Alex Del ángel",,,,,3,23,"https://www.udemy.com/course/marketing-acelerado-para-negocios-en-crisis-por-covid-19/"
"A Beginners Guide to Marketing Tools and Set UpA step by step guide to solve the most common technical problems and struggles people face when starting out onlineRating: 4.1 out of 53 reviews2 total hours11 lecturesBeginner","Maria and Oddmund",3,,,,2,11,"https://www.udemy.com/course/a-beginners-guide-to-marketing-tools-and-set-up/"
"The Sales Funnel Cheat Sheet Collection - 4 Courses In 1Your A-Z video checklists and shortcuts for quickly putting together a profitable sales funnel.Rating: 4.5 out of 59 reviews2.5 total hours14 lecturesAll Levels","James Canzanella",9,,,,2.5,14,"https://www.udemy.com/course/the-sales-funnel-cheat-sheet-collection/"
"Créer un tunnel de vente rentable de A à ZMODULE 2 : Devenir expert de la publicité sur les réseaux sociauxRating: 0.0 out of 50 reviews2.5 total hours9 lecturesIntermediate","Max Andersson",,,,,2.5,9,"https://www.udemy.com/course/la-mise-en-place-de-votre-tunnel-de-vente/"
"【初心者OK】1日で完成！ClickFunnelsで会員制サイトを作る方法会員サイトを作るのがはじめてでも大丈夫。自動販売できる会員サイトのアイデアと作り方を学んでビジネスに取り入れようRating: 4.8 out of 513 reviews3 total hours57 lecturesAll Levels","下坂栄里子 (ERIKO SHIMOSAKA)",13,,,,3,57,"https://www.udemy.com/course/clickfunnels-member/"
"The A-to-Z Product Creation Hack: Blueprint to Guru LaunchesStart creating high-quality products. Discover the secrets to record, edit, build your sales funnels & sales scripts.Rating: 4.4 out of 539 reviews7 total hours66 lecturesBeginner","Zachary Miller",39,,,,7,66,"https://www.udemy.com/course/the-a-to-z-product-creation-hack-the-blueprint-to-guru-launches/"
"Sales Funnel Masterclass : Increase Sales with Sales FunnelFundamentals and Step-By-Step Guide to Build Effective Conversation Focused Funnels to Skyrocket Your BusinessRating: 4.0 out of 530 reviews2 total hours31 lecturesAll Levels","Somshekar Math",30,,,,2,31,"https://www.udemy.com/course/sales-funnel-masterclass-increase-sales-with-sales-funnel/"
"Funnels Training for BeginnersHow to build your own lead generation funnels for better conversionsRating: 4.2 out of 545 reviews1 total hour14 lecturesAll Levels","Tom Wiztek",45,,,,1,14,"https://www.udemy.com/course/funnels-training-for-beginners/"
"Improve your sales by 82% - Reinventing the Sales FunnelA good guide to how the introduction of a formal sales process can transform your sales performance by as much as 82%Rating: 4.1 out of 516 reviews1 total hour7 lecturesAll Levels","Ian Dickson",16,,,,1,7,"https://www.udemy.com/course/improve-your-sales-by-82-percent-reinventing-the-sales-funnel/"
"Clickbank Affiliate Marketing Training Clickbank Successhow to build a successful online passive income source using Jvzoo by youtube shelly , work for amazon associates tooRating: 4.0 out of 5293 reviews1.5 total hours14 lecturesBeginner","Nick Tsai",293,,,,1.5,14,"https://www.udemy.com/course/clickbank-affiliate-marketing-training-clickbank-success/"
"Digital & Social Media Marketing For Real Estate MarketSocial Media Marketing & Digital Marketing Real Estate Market, How to generate more leads online as a realtor or brokersRating: 0.0 out of 50 reviews2 total hours29 lecturesBeginner","Nick Tsai",,,,,2,29,"https://www.udemy.com/course/digital-social-media-marketing-for-real-estate-market/"
"Build a Shopify Dropshipping Business from ScratchStart your own business from anywhere in the world, and learn from a 6-Figure e-Commerce Shopify EntrepreneurRating: 3.6 out of 55361 reviews9.5 total hours88 lecturesBeginner","Adam Reed",5,,,,9.5,88,"https://www.udemy.com/course/build-a-shopify-dropshipping-business-from-scratch/"
"The Ultimate Beginners Guide to E-CommerceEverything you need to know to start and scale your e-commerce businessRating: 4.1 out of 57 reviews5 total hours38 lecturesBeginner","Kellen Bolger",7,,,,5,38,"https://www.udemy.com/course/the-ultimate-beginners-guide-to-e-commerce/"
"Aweber: Email Marketing for Massive Subscribers & SalesCommunication is key. Know what to say with email sequences, automation & growth hacking skills to explode your list!Rating: 3.9 out of 541 reviews3 total hours28 lecturesBeginner","Zachary Miller",41,,,,3,28,"https://www.udemy.com/course/aweber-email-marketing-for-massive-subscribers-and-sales/"
"Facebook Ads for E-Commerce: The Complete GuideLearn how to run Facebook and Instagram Ads with a 6 Figure Shopify Dropshipping Entrepreneur & Best Selling InstructorRating: 3.2 out of 51929 reviews10 total hours154 lecturesBeginner","Adam Reed",1,,,,10,154,"https://www.udemy.com/course/facebook-ads-for-e-commerce-the-complete-guide/"
"Design B2B & B2C Sales Funnel with Proven Page TemplatesSales Funnel Design with WordPress ""Elementor"" | Road Map to Website Design Freelance CareerRating: 4.7 out of 534 reviews8 total hours56 lecturesAll Levels","Jun Bien Law",34,,,,8,56,"https://www.udemy.com/course/b2b-b2c-sales-funnel-design-with-wordpess-and-elementor/"
"Video Marketing for ArtistsMarketing for Artists Who Just Want to Get Back to CreatingRating: 0.0 out of 50 reviews1.5 total hours16 lecturesBeginner","Kaatje Jones",,,,,1.5,16,"https://www.udemy.com/course/video-marketing-for-artists/"
"Dental Marketing & Get More Patients Online Dentist Bootcampattract more patients & grow your practice with seo & digital marketing course for hygienist implant cosmetic dentistryRating: 4.3 out of 512 reviews3.5 total hours25 lecturesAll Levels","Nick Tsai",12,,,,3.5,25,"https://www.udemy.com/course/dental-marketing-get-more-patients-online-dentist-bootcamp/"
"Affiliate Marketing for Beginners: From Zero to CommissionLearn how to promote any affiliate offer: from ClickBank to High-ticket offersRating: 3.8 out of 569 reviews2 total hours18 lecturesBeginner","Tajana Grubisic",69,,,,2,18,"https://www.udemy.com/course/affiliate-marketing-for-beginners-from-zero-to-commission/"
"Instagram Marketing - Die perfekte Werbung auf InstagramWie du unfassbar günstig und effektiv auf Instagram werben kannstRating: 4.0 out of 569 reviews4.5 total hours29 lecturesBeginner","André Thöne",69,,,,4.5,29,"https://www.udemy.com/course/instagram-marketing-die-perfekte-werbung-auf-instagram/"
"The Ultimate Guide to Funnel Optimization""One of the best decks on growth I've ever seen."" - Sean Ellis, founder of Qualaroo and GrowthHackers.comRating: 4.0 out of 5276 reviews2 total hours19 lecturesAll Levels","Sean Johnson",276,,,,2,19,"https://www.udemy.com/course/the-ultimate-guide-to-funnel-optimization/"
"はじめてのClickFunnels(クリックファネル)の基本的な使い方〜セールスファネルをゼロから作成しようファネル構築がはじめてでも簡単にできるClickFunnels（クリックファネル）を使って、販売ページ作成の基本をマスターしようRating: 4.6 out of 523 reviews4.5 total hours62 lecturesAll Levels","下坂栄里子 (ERIKO SHIMOSAKA)",23,,,,4.5,62,"https://www.udemy.com/course/clickfunnels-b/"
"Instagram Marketing For Business: Become An InstapreneurDiscover How To Turn Your Passion Into Profit Using Instagram And Run A Profitable Business On AutomationRating: 4.3 out of 55 reviews4 total hours37 lecturesAll Levels","Alexandre Kan",5,,,,4,37,"https://www.udemy.com/course/become-an-instapreneur/"
"Lead Generation Master Course: Build Your Own Business TodayLearn everything you need to know to find your first client and build your own lead generation businessRating: 4.4 out of 588 reviews2.5 total hours22 lecturesAll Levels","David Lau",88,,,,2.5,22,"https://www.udemy.com/course/lead-generation-master-course-build-your-own-business-today/"
"Digital Marketing Made Easy -Profitable Sales Funnel TacticsBuild your sales funnel and grow your customer baseRating: 4.3 out of 518 reviews3.5 total hours28 lecturesBeginner","Manas Roul",18,,,,3.5,28,"https://www.udemy.com/course/digital-marketing-made-easy-profitable-sales-funnel-tactics/"
"Business Writing for Arabic SpeakersBusiness Emails by OTO EnglishRating: 0.0 out of 50 reviews1 total hour18 lecturesBeginner","The Trainer",,,,,1,18,"https://www.udemy.com/course/business-writing-for-arabic-speakers/"
"How To Start & Run Your Very Own Subscription Box Business!The #1 Guide to Starting & Launching Your Subscription Box Business!Rating: 4.4 out of 5144 reviews2.5 total hours30 lecturesBeginner","Pete Pru",144,,,,2.5,30,"https://www.udemy.com/course/start-your-own-subscription-business/"
"Online Course Marketing #4: Create A Killer Sales FunnelIn this complete course for beginners students will learn how to market their online courses with a killer sales funnelRating: 3.4 out of 555 reviews41 total mins9 lecturesIntermediate","Joe Parys, Joe Parys Support",55,,,,41,9,"https://www.udemy.com/course/online-course-marketing-4/"
"ClickFunnelsで会員サイトを作る方法ClickFunnelsは基本的にはセールスファネルを構築することができるサービスですが、会員サイトも作成することができます。本コースでは、そんなClickFunnelsで会員サイトを作成する方法をご紹介して行きます。Rating: 3.4 out of 54 reviews35 total mins11 lecturesAll Levels","石崎力也 (RIKIYA ISHIZAKI), あずさ 鈴木",4,,,,35,11,"https://www.udemy.com/course/clickfunnels-membership-site/"
"Become A Highly Paid Consultant: Freelance Consulting 2023Learn How To Become A 6-Figure Online Consultant And Get Your First High-Ticket Clients In Just 30 Days!Rating: 4.1 out of 525 reviews5 total hours25 lecturesAll Levels","Mario Jurik",25,,,,5,25,"https://www.udemy.com/course/onlineconsultant/"
"Wordpress à Page Unique avec Tunnel de vente Efficace | 2023Construire un Site Web Wordpress avec un tunnel de vente avec des plugins gratuit grâce à des étapes simples et rapidesRating: 4.2 out of 59 reviews3.5 total hours35 lecturesBeginner","E-Learning Innovation | Formateur certifié (France)",9,,,,3.5,35,"https://www.udemy.com/course/wordpress-avec-tunnel-de-vente/"
"Mastering Sales Funnel. The beginners guide.Launch your own sales funnel.Rating: 5.0 out of 55 reviews1 total hour10 lecturesBeginner","Diemante Sulciute",5,,,,1,10,"https://www.udemy.com/course/mastering-sales-funnel-the-beginners-guide/"
"How to Build Smart Sales Funnels for Quadrupling ConversionsLearn how to build smart sales funnels that quadruple your profits with the Smart Sales Funnel BlueprintRating: 4.0 out of 520 reviews4 total hours30 lecturesAll Levels","MindMekka ®",20,,,,4,30,"https://www.udemy.com/course/smart-sales-funnels-that-quadruple-profits/"
"How To Design A Sales Funnel That ConvertsThe complete guide to turn your visitors into customers!Rating: 4.1 out of 5179 reviews1 total hour16 lecturesBeginner","Sandor Kiss",179,,,,1,16,"https://www.udemy.com/course/how-to-design-a-sales-funnel-that-converts/"
"How to Run Google Ads PPC for an Automotive Tint ShopLearn how to run Google Ads effectivelyRating: 3.5 out of 51 review2 total hours32 lecturesBeginner","Julio Hernandez",,,,,2,32,"https://www.udemy.com/course/how-to-run-google-ads-ppc-for-an-automotive-tint-shop/"
"ClickFunnelsでG SuiteとSMTPの設定をしメールを送信する方法ClickFunnelsには、プランによってはメールを送信する機能がありますが、これはサードパーティーのメール配信システムをClickFunnelsに載せているにすぎません。なので、それらのメール配信システムでSMTPの設定をしていきます。Rating: 4.4 out of 56 reviews1 total hour21 lecturesAll Levels","石崎力也 (RIKIYA ISHIZAKI), あずさ 鈴木",6,,,,1,21,"https://www.udemy.com/course/clickfunnels-smtp/"
"Facebook Ads Success Secrets 2022 (Beginners)Transforming you from a newbie to a pro in the knowledge of Facebook AdsRating: 3.6 out of 531 reviews4 total hours16 lecturesAll Levels","Joshua Kenneth",31,,,,4,16,"https://www.udemy.com/course/joshadservices/"
"5 Day Online Business Launch Challenge!Discover How Regular, Everyday People, Can Go From Having Not Having a Business To Making Their First Sales Online!Rating: 4.8 out of 54 reviews5 total hours7 lecturesBeginner","Pete Pru",4,,,,5,7,"https://www.udemy.com/course/5-day-online-business-launch-challenge/"
"Sales Funnel Blueprint For BeginnersLearn About The Secrete Of Creating Sales Funnel Blueprint For BeginnersRating: 4.5 out of 56 reviews1 total hour9 lecturesBeginner","Obehi Ewanfoh",6,,,,1,9,"https://www.udemy.com/course/sales-funnel-blueprint-for-beginners/"
"Deadline Funnelの使い方（エバーグリーンローンチの実践）Deadline Funnelを使って、ランディングページやメールマガジンにあるオファーに対して締め切りを設ける方法を詳しくお伝えします。Rating: 4.6 out of 510 reviews1 total hour32 lecturesAll Levels","石崎力也 (RIKIYA ISHIZAKI), あずさ 鈴木",10,,,,1,32,"https://www.udemy.com/course/deadline-funnel/"
"Copywriting For Landing Page Optimization & Sales FunnelsLanding page optimization copywriting to boost Shopify, Amazon, your website, or sales funnels landing page conversionRating: 4.2 out of 5174 reviews2.5 total hours36 lecturesBeginner","Alex Genadinik",174,,,,2.5,36,"https://www.udemy.com/course/landing-page-optimization-increase-sales-conversion/"
"Sales Funnel, Process And Methodology EssentialsLearn The Foundations And Fundamentals In Sales To Become A Better SellerRating: 0.0 out of 50 reviews1 total hour9 lecturesAll Levels","Expert Academy",,,,,1,9,"https://www.udemy.com/course/sales-funnel-process-and-methodology-essentials/"
"Sales Page Funnel Formula - How to build a Sales FunnelThe complete guide to optimizing sales pages and building sales funnels [ Including templates ]Rating: 3.9 out of 53 reviews39 total mins17 lecturesAll Levels","Marc Hamill",3,,,,39,17,"https://www.udemy.com/course/sales-page-funnel-formula-how-to-build-a-sales-funnel/"
"How To Use Elementor And Wordpress To Create Sales FunnelsLearn How To Use Elementor And Wordpress To Easily Create Landing Pages And Sales FunnelsRating: 3.5 out of 562 reviews1.5 total hours17 lecturesAll Levels","Sorin Constantin",62,,,,1.5,17,"https://www.udemy.com/course/how-to-use-elementor-and-wordpress-to-create-sales-funnels/"
"Complete FB Messenger Mastery - Build Chatbots in Manychat(July 2019) Set up a ManyChat chatbot and go from 0 to expert in no time. Bot Templates Included!Rating: 4.0 out of 5113 reviews3.5 total hours34 lecturesIntermediate","Charlie Walker",113,,,,3.5,34,"https://www.udemy.com/course/complete-fb-messenger-mastery-build-chatbots-in-manychat/"
"オートウェビナーとDeadline Funnelオートウェビナーを運用するときに、Deadline Funnelを使用します。キャンペーンの数は全部で4つ。その具体的な作り方をこのコースで解説していきます。Rating: 4.9 out of 56 reviews36 total mins21 lecturesAll Levels","石崎力也 (RIKIYA ISHIZAKI), あずさ 鈴木",6,,,,36,21,"https://www.udemy.com/course/autowebinar-deadlinefunnel/"
"Sales Page TrainingErstelle Deine Sales Page an einem Tag.Rating: 0.0 out of 50 reviews2.5 total hours5 lecturesBeginner","Sarah Marie Lau",,,,,2.5,5,"https://www.udemy.com/course/sales-page-training/"
"Marketing Funnel: Page & Email TemplatesAll the instructions & templates you need to create & implement a marketing funnel that converts easily & inexpensivelyRating: 5.0 out of 513 reviews2 total hours23 lecturesBeginner","Ainslee Johnson",13,,,,2,23,"https://www.udemy.com/course/done-4-you-marketing-funnel-templates/"
"Marketing Funnel Fundamentals for Small BusinessesLearn the fundamentals of marketing funnel and implement it in your businessRating: 4.2 out of 54 reviews1.5 total hours26 lecturesBeginner","Vivien C",4,,,,1.5,26,"https://www.udemy.com/course/marketing-funnel-fundamentals-for-small-businesses/"
"Sales & Marketing Funnel To Grow Business- Digital MarketingGrow your Business through Profitable Sales Funnel by Digital Marketing StrategyRating: 4.5 out of 510 reviews3.5 total hours20 lecturesAll Levels","Rada Asghar",10,,,,3.5,20,"https://www.udemy.com/course/sales-marketing-funnel-to-grow-business-digital-marketing/"
"Build a Shopify Print on Demand Business from ScratchLearn How to Build a Print on Demand Shopify Dropshipping Business from Scratch, Following a 6 Figure EntrepreneurRating: 4.1 out of 5777 reviews8 total hours115 lecturesBeginner","Adam Reed",777,,,,8,115,"https://www.udemy.com/course/build-a-shopify-print-on-demand-business-from-scratch/"
"Sales Funnels Mastery: 20 Sales Funnels That Boost SalesLearn to create highly converting sales, increase sales quickly through email marketing, proven concepts & sales funnelsRating: 3.5 out of 543 reviews3 total hours22 lecturesAll Levels","eCommerce Hero",43,,,,3,22,"https://www.udemy.com/course/20-sales-funnels-that-will-change-your-business-10x-sales/"
"3 Step System To 10X Your SalesHow this simple tweak to your Sales funnel will have you converting 10 times higher than ever beforeRating: 0.0 out of 50 reviews2 total hours13 lecturesAll Levels","Jonathon Bennett",,,,,2,13,"https://www.udemy.com/course/3-step-system/"
"Google Analytics for Shopify: A Complete Step-by-Step GuideLearn how to increase your Shopify Sales and Revenue, following a six-figure Shopify Entreprenuer step-by-stepRating: 3.8 out of 5265 reviews2 total hours34 lecturesBeginner","Adam Reed",265,,,,2,34,"https://www.udemy.com/course/google-analytics-for-shopify-a-complete-step-by-step-guide/"
"Boost your business using sales funnel - step-by-step guideAfter this course you'll be able to create your own sales funnel from scratch using email marketing to boost your salesRating: 4.2 out of 523 reviews4.5 total hours21 lecturesBeginner","Viktor Kalinichenko",23,,,,4.5,21,"https://www.udemy.com/course/fast-sales-funnel/"
"The Complete Marketing Funnel - From Planning To ExecutionUPDATED Checklist to your automated marketing machine: Sales funnel, landing page, email marketing, campaigns, researchRating: 3.4 out of 573 reviews4 total hours59 lecturesAll Levels","Marketing 6pack",73,,,,4,59,"https://www.udemy.com/course/the-complete-marketing-funnel-from-plan-to-execute/"
"Shopify Dropshipping: 10 Tips to Scale from 6 to 7 FiguresLearn the Strategies, Tips & Techniques that Helped Me Scale My Shopify Dropshipping Store from 6 to 7 Figures.Rating: 4.2 out of 553 reviews1.5 total hours19 lecturesIntermediate","Adam Reed",53,,,,1.5,19,"https://www.udemy.com/course/shopify-dropshipping-10-tips-to-scale-from-6-to-7-figures/"
"RealDetector - Il Corso per investire in ImmobiliGli strumenti per diventare un immobiliarista di successo e un investitore profittevoleRating: 4.4 out of 583 reviews7.5 total hours39 lecturesBeginner","Gianluca Sidoti",83,,,,7.5,39,"https://www.udemy.com/course/realdetector-il-corso-per-investire-in-immobili/"
"ClickFunnelsにカスタムドメインを追加する方法まずはClickFunnelsでアカウントの作成から始めます。その後、Namecheapでドメインを取得し、NamecheapとCloudflare、ClickFunnelsで取得したドメインの設定を行なっていきます。Rating: 5.0 out of 53 reviews1 total hour29 lecturesAll Levels","石崎力也 (RIKIYA ISHIZAKI), あずさ 鈴木",3,,,,1,29,"https://www.udemy.com/course/clickfunnels/"
"Online Marketing - Create Digital Marketing & Sales FunnelsOnline Marketing - create a digital marketing funnel online and grow your business and sales with automated marketingRating: 4.5 out of 545 reviews1.5 total hours14 lecturesBeginner","Mark Timberlake",45,,,,1.5,14,"https://www.udemy.com/course/build-an-online-marketing-strategy-that-brings-you-clients/"
"時差を価値に変えるエバーグリーンローンチ好きな時に好きな国で働く方法Rating: 4.9 out of 59 reviews7 total hours52 lecturesAll Levels","石崎力也 (RIKIYA ISHIZAKI), あずさ 鈴木",9,,,,7,52,"https://www.udemy.com/course/evergreen-launch-bootcamp/"
"How To Create Profitable Sales Funnels.Discover The Fast And Easy Way To Create Profitable Sales Funnels.Rating: 4.1 out of 522 reviews1 total hour18 lecturesAll Levels","Sam Samuel",22,,,,1,18,"https://www.udemy.com/course/how-to-create-profitable-sales-funnels/"
"How To Create a High Converting Landing PageA complete beginner's guide to creating a successful, persuasive, high converting landing page for your businessRating: 3.7 out of 572 reviews2.5 total hours30 lecturesBeginner","Nick Brighton",72,,,,2.5,30,"https://www.udemy.com/course/create-a-high-converting-landing-page/"
"High converting Sales Funnels - List Building On Steroids“Recover your customer acquisition costs within 30 days while building a large email list & selling more in the process”Rating: 4.0 out of 511 reviews1 total hour16 lecturesAll Levels","James Molfetas",11,,,,1,16,"https://www.udemy.com/course/high-converting-sales-funnels-list-building-on-steroids/"
"Shopify Split Testing: Conversion Rate OptimizationLearn how to run A/B/ Split Testing for Shopify Stores and how to improve your Shopify Conversion Rate.Rating: 4.2 out of 516 reviews1 total hour27 lecturesBeginner","Adam Reed",16,,,,1,27,"https://www.udemy.com/course/shopify-split-testing-conversion-rate-optimization/"
"Copywriting: As 7 fórmulas atemporais para cartas de vendas.Triplique a conversão das suas cartas de vendas simplesmente seguindo essas fórmulas. Vá ainda mais além depois.Rating: 4.6 out of 5411 reviews2.5 total hours31 lecturesBeginner","Gustavo Loureiro dos Reis • 12.000+ Students",411,,,,2.5,31,"https://www.udemy.com/course/copywriting-para-cartas-de-vendas/"
"Introduction To Online Selling: Sales FunnelOnline SalesRating: 0.0 out of 50 reviews1 total hour7 lecturesAll Levels","Oluwamayowa Oshidero",,,,,1,7,"https://www.udemy.com/course/introduction-to-online-selling-sales-funnel/"
"Sales Conversion Strategies for Smart EntrepreneursConvert More Leads at Every Step of the Sales Funnel And Grow Your Online Business TodayRating: 5.0 out of 52 reviews1 total hour10 lecturesAll Levels","Dianne Shelton",2,,,,1,10,"https://www.udemy.com/course/online-sales-conversion-strategies/"
"How To Setup Automated & Evergreen Funnels - 7 Courses In 1The A-Z guide for setting up multiple types of automated and evergreen digital marketing funnels.Rating: 3.3 out of 516 reviews1.5 total hours9 lecturesAll Levels","James Canzanella",16,,,,1.5,9,"https://www.udemy.com/course/how-to-setup-automated-evergreen-funnels/"
"Power-up Strategies for Your Business Success: Sales FunnelsLeverage These Power-up Strategies for Your Business Success for Your Sales Funnels TodayRating: 4.0 out of 51 review34 total mins11 lecturesAll Levels","Dianne Shelton",,,,,34,11,"https://www.udemy.com/course/sales-funnel-success/"
"Sales Funnel Advanced: Fast Track TrainingHow To Generate More Sales With New Or Existing CustomersRating: 0.0 out of 50 reviews1 total hour21 lecturesAll Levels","Douglas Melvin",,,,,1,21,"https://www.udemy.com/course/sales-funnel-advanced-fast-track-training/"
"CartFlows Proの使い方：WordPressでセールスファネルを作成する方法ClickFunnels（クリックファネル）の""4分の1""の値段でWordPressでセールスファネルを作成しませんか？ワンクリックアップセルやダウンセルを実装することができ、LTVのアップが期待できます。Rating: 4.9 out of 55 reviews2 total hours42 lecturesBeginner","根本耕輔 @KCLUB MARKETING",5,,,,2,42,"https://www.udemy.com/course/how-to-use-cartflows-pro/"
"Clickbank Affiliate Marketing 2021 - Online Business StarterLearn affiliate marketing from a 6 Figure Expert Jonathan Montoya. How I went from 0 to quitting my engineering job.Rating: 4.2 out of 5162 reviews5.5 total hours8 lecturesBeginner","Jonathan Montoya",162,,,,5.5,8,"https://www.udemy.com/course/3daybusinessbreakthroughchallenge_jonathan_montoya/"
"Learn How To Create High Conversion Sales funnelsA step by step in depth course for successful marketingRating: 0.0 out of 50 reviews1.5 total hours10 lecturesAll Levels","James Imaga Emetu",,,,,1.5,10,"https://www.udemy.com/course/learn-how-to-create-high-conversion-sales-funnels/"
"【GrooveAsia速習】GroovePages＆GrooveFunnels実践講座〔基礎編〕最短デジタルトランスフォーメーション（DX）／ 集客自動化に役立つマーケティングファネル構築ノウハウRating: 5.0 out of 53 reviews2.5 total hours39 lecturesAll Levels","K F",3,,,,2.5,39,"https://www.udemy.com/course/groovepages_groovefunnels/"
"【Amazon書籍１位の著者が教える】本から顧客単価を上げる仕組みができるブックローンチのやり方「本」や「電子書籍」を活用して認知と売り上げを上げる仕組みをつくろうRating: 5.0 out of 513 reviews2 total hours31 lecturesAll Levels","下坂栄里子 (ERIKO SHIMOSAKA)",13,,,,2,31,"https://www.udemy.com/course/book-launch/"
"Facebook Ads: How to Create High Converting Sales FunnelFacebook Ads Campaign Made EasyRating: 0.0 out of 50 reviews1 total hour14 lecturesAll Levels","Content Creators Community",,,,,1,14,"https://www.udemy.com/course/facebook-ads-sales-funnel/"
"Upwork Saved My Life - Sales Funnel ConceptsLearn sales funnel concepts to instantly 10x your hourly rate on upwork.Rating: 4.5 out of 54 reviews1.5 total hours10 lecturesIntermediate","Adam Palmer",4,,,,1.5,10,"https://www.udemy.com/course/upwork-saved-my-life-sales-funnel-concepts/"
"世界最強のセールスファネル！トリップワイヤーファネルの作り方僕が実際にやっているビジネスをお見せしながら、英語圏では有名なトリップワイヤーファネルやランディングページをご紹介します。Rating: 4.7 out of 55 reviews39 total mins20 lecturesAll Levels","石崎力也 (RIKIYA ISHIZAKI), あずさ 鈴木, 竹岡 佳信",5,,,,39,20,"https://www.udemy.com/course/tripwirefunnel/"
"【海外で大人気】バックエンド商品がもっと売れるチャレンジローンチのやり方チャレンジローンチのやり方を学んで、人気のあなたの看板商品をつくろう！Rating: 4.7 out of 547 reviews3 total hours38 lecturesIntermediate","下坂栄里子 (ERIKO SHIMOSAKA)",47,,,,3,38,"https://www.udemy.com/course/challenge_launch/"
"ActiveCampaign マスタークラス 使い方完全ガイド本コースでは、海外で人気のActiveCampaignというメールマーケティングツールの使い方をゼロからご紹介していくコースです。メルマガ獲得フォームやステップメールの作成、マーケティングオートメーションをカバーしています。Rating: 5.0 out of 52 reviews3.5 total hours87 lecturesBeginner","小谷 良太",2,,,,3.5,87,"https://www.udemy.com/course/active-campaign/"
"【GrooveAsia速習】一人起業家やセミナー講師の強い味方！GrooveWebinar攻略ウェビナー自動化ノウハウ３種類のガジェット（チャット・投票・Ｑ＆Ａ機能）を活用して、少人数でもウェビナーを盛り上げる方法Rating: 4.9 out of 510 reviews2 total hours43 lecturesAll Levels","K F",10,,,,2,43,"https://www.udemy.com/course/groovewebinar/"
"Online Business V2: Sales Scripts for Every Sales FunnelLearn millionaire mindset scripts that convert visitors into hyper-buyers, selling books to coaching worth 25K+!Rating: 3.6 out of 521 reviews3 total hours29 lecturesAll Levels","Zachary Miller",21,,,,3,29,"https://www.udemy.com/course/online-business-sales-scripts-for-every-sales-funnel/"
"Amazon FBA Brand Builder - Profit from building a real brandLearn how to not only generate sales on Amazon but build a real brand profiting from the worlds biggest sales platformRating: 0.0 out of 50 reviews5.5 total hours39 lecturesIntermediate","Stephen Harrison",,,,,5.5,39,"https://www.udemy.com/course/amazon-fba-brand-builder/"
"ClickFunnelsの顧客情報をTeachableに自動で渡す方法[Zapier]このコースでは、Zapierを使ってClickFunnelsの顧客情報をTeachableに自動で渡す方法を解説しています。Rating: 4.8 out of 53 reviews39 total mins25 lecturesAll Levels","石崎力也 (RIKIYA ISHIZAKI), あずさ 鈴木",3,,,,39,25,"https://www.udemy.com/course/clickfunnels-teachable/"
"Principles of Marketing and Sales Funnel Course – 2023Become a master in Sales and Marketing in just 1 hourRating: 3.6 out of 56 reviews1 total hour15 lecturesBeginner","Abhishek Rajpurohit",6,,,,1,15,"https://www.udemy.com/course/the-principles-of-marketing-and-sales-funnel-course/"
"【初心者向け】受け取ってもらえるリードマグネットのアイディアと作り方お客様が喜ぶリードマグネットを作ろうRating: 4.8 out of 523 reviews2 total hours37 lecturesBeginner","下坂栄里子 (ERIKO SHIMOSAKA)",23,,,,2,37,"https://www.udemy.com/course/lead-magnet/"
"Create Funnels And Pages For Free With GrooveFunnelsLearn how to create and use funnels with Groovefunnels in order to start or expand your online business.Rating: 3.4 out of 516 reviews1 total hour10 lecturesAll Levels","Sorin Constantin",16,,,,1,10,"https://www.udemy.com/course/create-funnels-and-pages-for-free-with-groovefunnels/"
"Turn Your LinkedIn Into a Magnetic Sales FunnelA Linkedin course that walks you step-by-step through on the strategies my clients use to find and targe quality clientsRating: 0.0 out of 50 reviews42 total mins6 lecturesBeginner","Alia Khatib",,,,,42,6,"https://www.udemy.com/course/turn-your-linkedin-into-a-magnetic-sales-funnel/"
"1回で信頼を勝ち取る！Zoomで使えるオンラインコミュニケーション術Zoom開催で失敗したくない方必見！オンラインコミュニケーション術を学んで信頼が得られるZoomを主催しましょうRating: 5.0 out of 56 reviews1.5 total hours32 lecturesBeginner","下坂栄里子 (ERIKO SHIMOSAKA)",6,,,,1.5,32,"https://www.udemy.com/course/zoom-communication/"
"初めてのマーケティングファネル完全ガイド｜理論入門から実践へもっとお客さんにきてもらいたい。売り上げが安定しない。そんなあなたの不安や悩みありませんか？　成功するためには、仕組み化で解決できます。Rating: 0.0 out of 50 reviews7.5 total hours74 lecturesAll Levels","和田美香 (Mika WADA)",,,,,7.5,74,"https://www.udemy.com/course/primary_marketing/"
"Sales Funnel Formula: Build Your Silent Sales MachineThe Ultimate Sales Funnel Guide to Grow Your Business With Marketing Automation Cracking Your Sales Conversion CodeRating: 3.9 out of 521 reviews1 total hour18 lecturesBeginner","Federico Fort",21,,,,1,18,"https://www.udemy.com/course/sales-funnel-formula/"
"メンバーシップエコノミーの衝撃 - 会員制ビジネスの作り方今現在、毎日のように集客活動で忙しく働いていませんか？本コースでお伝えする、会員制ビジネスの作り方を実践し、実際に出来上がれば、集客に力を入れる必要は無くなります。事例をご紹介しながら解説していくので、より理解が深められます。Rating: 4.5 out of 529 reviews10 total hours43 lecturesAll Levels","石崎力也 (RIKIYA ISHIZAKI), あずさ 鈴木",29,,,,10,43,"https://www.udemy.com/course/membership-business/"
"How To Start Building Pages & Funnels With ElementorLearn how to use Elementor for building high quality pages & funnels for your own needs and support your clients.Rating: 3.4 out of 55 reviews1.5 total hours18 lecturesBeginner","The Elite Team",5,,,,1.5,18,"https://www.udemy.com/course/how-to-start-building-pages-funnels-with-elementor/"
"Paginas Embudo/Squeeze Pages de KVCoreAprovechando su software de marketing y gestión de contactos KVCore. Creación de un Pipeline de Leads y Comunicación.Rating: 5.0 out of 51 review1 total hour6 lecturesBeginner","Joaquin Gutierrez",,,,,1,6,"https://www.udemy.com/course/kvc-embudo/"
"WordPressで作るマーケティングファネルの作り方：海外高額ツールを使わずにセールスフローやファネルを構築する方法FunnelKitとElementorとWooCommerceとメール配信システムを使って見込み客にバリューラダーを登ってもらう価値提供コンテンツ配布型のマーケティングシステムをリーズナブルなコストで構築できますRating: 0.0 out of 50 reviews2.5 total hours39 lecturesAll Levels","飯村直也 （Naoya Iimura）",,,,,2.5,39,"https://www.udemy.com/course/wordpress-salesfunnel/"
"【講師向け】Zoomで開催するはじめてのオンライン講座Zoomの基礎知識を学んであなたのオンライン講座を開催しようRating: 4.7 out of 510 reviews1.5 total hours30 lecturesBeginner","下坂栄里子 (ERIKO SHIMOSAKA)",10,,,,1.5,30,"https://www.udemy.com/course/zoom-online-lesson/"
"WordPress初心者も簡単にできる！2種類の会員サイトを無料で構築する方法「ダウンロード系サイト」「継続型会員サイト」の２つをWordPressの無料機能を使って構築！WordPress初心者でも短時間で簡単に作成可能！Rating: 4.2 out of 518 reviews1 total hour8 lecturesBeginner","Ray business",18,,,,1,8,"https://www.udemy.com/course/wordpress-membership/"
"自動収益を生む トリップワイヤーファネル構築法　【広告費回収型ファネルの秘密】もっとも強力なセールファネル　＜トリップワイヤーファネル＞の作り方Rating: 4.0 out of 530 reviews1 total hour11 lecturesBeginner","大原 正裕",30,,,,1,11,"https://www.udemy.com/course/tripwire-funnel/"
"【初級編】オンラインで自分のスキルや知識を自動で販売するためのマーケティングシステム構築の方法ウェブ上で売上を作り続けてくれるオンラインセールスファネルの作り方【コーチ・コンサル・メディア運営者等向け】Rating: 4.3 out of 59 reviews2.5 total hours26 lecturesBeginner","拓也 郡司",9,,,,2.5,26,"https://www.udemy.com/course/salesfannel-building/"
"顧客単価アップ・マスタークラス [ セールスファネルの極意 ]高額な商品をバックエンドで販売するとセールスファネル全体の利益が大幅に改善されます。いつまでも安い商品（フロントエンド）を売り続ける人生を脱却し、顧問契約やコーチングなど継続的にかつ高額なフィーをチャージできる完全自動販売の仕組みを教授。Rating: 3.8 out of 59 reviews1 total hour6 lecturesIntermediate","石崎力也 (RIKIYA ISHIZAKI)",9,,,,1,6,"https://www.udemy.com/course/6weeks-sales-funnels/"
"Vimeoで会員サイト・オンラインスクールを作る方法Vimeoを使ってオンラインスクールを運営してみませんか？Vimeo Proアカウントのポートフォリオ機能を使えば簡易的な会員サイトを運営することができます。Rating: 4.0 out of 523 reviews38 total mins13 lecturesBeginner","石崎力也 (RIKIYA ISHIZAKI), あずさ 鈴木",23,,,,38,13,"https://www.udemy.com/course/vimeo-online-school/"
"DRM企画#02：マーケティングファネルとフロントエンド商品ダイレクトレスポンスマーケティングを支える二大概念。マーケティングファネルは顧客の生涯価値を上げる役割を担い、フロントエンド・バックエンド戦略は集客と収益化を分ける役割があります。ネットでビジネスをする人の基本的なマインドセットが学べます。Rating: 3.8 out of 532 reviews31 total mins9 lecturesExpert","石崎力也 (RIKIYA ISHIZAKI), あずさ 鈴木",32,,,,31,9,"https://www.udemy.com/course/marketing-funnel-front-end/"
"KAJABI（カジャビ）の基本マスター 高いデザイン性＋シンプルな構成の【マーケティングファネル】でビジネス強化へClickFunnelsが難しすぎて諦めてきたあなたへRating: 4.9 out of 552 reviews3.5 total hours65 lecturesBeginner","小森 綾夏",52,,,,3.5,65,"https://www.udemy.com/course/kajabi-k/"
"最強のオプトインページを作りなさいリストを集める方法をレクチャーします。スクイズページ、リバーススクイズページ、リードマグネットなど英語圏でよく使われている専門用語を解説します。Rating: 4.2 out of 59 reviews34 total mins8 lecturesBeginner","石崎力也 (RIKIYA ISHIZAKI)",9,,,,34,8,"https://www.udemy.com/course/unbeatable-optin-page/"
"Teachableの セールスを強化！”OTO”ワンタイムオファーで アップセルを 実践する３ステップteachable（ティーチャブル）で、ClickFunnelsやDeadline Funnelなどの外部ツールを使わずに、OTO（ワンタイムオファー）でアップセルを仕掛けて売上UPする手順を初心者でもわかりやすく1ステップずつ徹底解説Rating: 4.8 out of 57 reviews1 total hour30 lecturesAll Levels","小林靖彦 Yasuhiko Kobayashi",7,,,,1,30,"https://www.udemy.com/course/teachable-oto/"
"WordPressを使ってセールスファネルを作成する方法WordPressでセールスファネルが作成できるCartFlowsの使い方をご紹介していきます。セールスページ、決済ページ、サンキューページのシンプルなファネルを作成可能です。Rating: 4.8 out of 511 reviews1.5 total hours26 lecturesBeginner","根本耕輔 @KCLUB MARKETING",11,,,,1.5,26,"https://www.udemy.com/course/how-to-use-cartflows/"
"KAJABI（カジャビ）の基本的な使い方＆日本語化海外ツールのKAJABI（カジャビ）を活用して、ホームページ作成、オンラインコース販売、会員サイト作成、パイプラインの作成、メルマガ配信のやり方＆日本語化のやり方を教えますRating: 4.4 out of 529 reviews5 total hours59 lecturesAll Levels","稲富 翔",29,,,,5,59,"https://www.udemy.com/course/kajabi-s/"
"ClickFunnels Automation For Trainers, Coaches & ConsultantsLearn the step by step process to automate your training business with <strong>ClickFunnels</strong> and make income on autopilot.Rating: 4.8 out of 582 reviews4.5 total hours36 lecturesAll Levels","Impact Millions Online",82,,,,4.5,36,"https://www.udemy.com/course/mastery-course-training-automation-secrets/"
"Clickfunnels 101: Introduction To ClickfunnelsLearn the basics of <strong>Clickfunnels</strong> to increase sales & 10x your businessRating: 4.4 out of 573 reviews3 total hours34 lecturesBeginner","Alston Godbolt",73,,,,3,34,"https://www.udemy.com/course/clickfunnels-101-introduction-to-clickfunnels/"
"Create A Sales Funnel With ClickFunnelsCreate a sales funnel to generate more leads and sales for your businessRating: 4.3 out of 5158 reviews2.5 total hours22 lecturesBeginner","Robert Murray",158,,,,2.5,22,"https://www.udemy.com/course/create-a-sales-funnel-with-clickfunnels/"
"Master Clickfunnels: How to Create a Membership SiteThe most comprehensive guide on creating a membership funnelRating: 4.8 out of 548 reviews34 total mins6 lecturesAll Levels","Blaine Cline",48,,,,34,6,"https://www.udemy.com/course/membershipfunnel/"
"ClickFunnel Mastery Funnel Training 2021 +Free Built FunnelStep By Step Guide To Unlocking The True Power of Sales Funnels With <strong>Clickfunnels</strong>Rating: 4.4 out of 523 reviews1 total hour12 lecturesBeginner","Rhett Taylor",23,,,,1,12,"https://www.udemy.com/course/clickfunnel-masterclass-rhett-taylor/"
"ClickFunnels Mastery : Get Sales By Building FunnelsLearn The Do’s and Don’ts That Go Into Building A Great Funnel That Brings In Leads and Sales Like ClockworkRating: 4.4 out of 56 reviews1.5 total hours20 lecturesBeginner","Nick Marketing",6,,,,1.5,20,"https://www.udemy.com/course/clickfunnels-mastery-in-2020-get-sales-by-building-funnels/"
"The Complete Clickfunnels Training Course For 2021Learn How To Use <strong>Clickfunnels</strong> & Create High Converting FunnelsRating: 4.7 out of 579 reviews1.5 total hours11 lecturesAll Levels","Shan Ruthra",79,,,,1.5,11,"https://www.udemy.com/course/the-complete-clickfunnels-training-course-for-2019/"
"Clickfunnels Best training of 2021 by ExpertGet 50% discount on <strong>Clickfunnels</strong> from offer on right side under 'Resourses'. Click on it & upgrade your account 50% offRating: 4.2 out of 55 reviews2 total hours13 lecturesIntermediate","Abdullah Zahid",5,,,,2,13,"https://www.udemy.com/course/clickfunnels-best-training-of-2020-by-expert/"
"Master Clickfunnels: The Ultimate Course for Sales FunnelsThe most comprehensive primer on creating sales funnels + 5 FREE FunnelsRating: 4.1 out of 567 reviews40 total mins9 lecturesBeginner","Blaine Cline",67,,,,40,9,"https://www.udemy.com/course/salesfunnels/"
"Coaches Guide To Passive Income Using ClickFunnelsDouble Or Triple Your Coaching Premiums While Living In The ""Freedom Zone"" And Still Helping Your Market Achieve ResultsRating: 4.4 out of 5178 reviews4 total hours43 lecturesAll Levels","Matthew King",178,,,,4,43,"https://www.udemy.com/course/coaches-guide-to-passive-income-using-clickfunnels/"
"ClickFunnels |Curso de ClickFunnels en español |Paso a pasoAprende a usar <strong>ClickFunnels</strong> para crear tu sitio web, landing page o sales funnel. Fácil y sin programar.Rating: 4.8 out of 5115 reviews2 total hours24 lecturesAll Levels","Camille & Alán (LIFIN Online)",115,,,,2,24,"https://www.udemy.com/course/clickfunnels-curso/"
"How To Build Sales Funnels With ClickFunnelsLearn the capabilities of the <strong>ClickFunnels</strong> platform for landing pages, sales funnels and selling digital productsRating: 3.7 out of 5490 reviews1.5 total hours14 lecturesAll Levels","John Shea",490,,,,1.5,14,"https://www.udemy.com/course/how-to-build-sales-funnels-with-clickfunnels/"
"Affiliate Marketing Sales Funnel: Clickfunnel & Wix TutorialFundamentals of  Email MarketingRating: 4.1 out of 5102 reviews1.5 total hours14 lecturesBeginner","Rebekah Chatman",102,,,,1.5,14,"https://www.udemy.com/course/affiliate-marketing-rightway/"
"Clickfunnels Secrets : Build a PROFITABLE business from homeIn 2020, learn how to use <strong>Clickfunnels</strong> to build a 45K+/year business from home WITHOUT spending anything on advertising.Rating: 4.4 out of 5282 reviews3 total hours29 lecturesBeginner","Tim Sharp",282,,,,3,29,"https://www.udemy.com/course/clickfunnels-secrets-build-a-profitable-business-from-home/"
"Introduction À  ClickFunnels Pas À Pas En FrançaisApprenez à utiliser <strong>ClickFunnels</strong> pour créer votre landing page, sales funnel ou site web. Facile et sans programmation.Rating: 4.6 out of 537 reviews1 total hour16 lecturesAll Levels","Camille & Alán (LIFIN Online)",37,,,,1,16,"https://www.udemy.com/course/clickfunnels-francais/"
"The Ultimate Clickfunnels and Sales Funnels Course!Improve Your Business Revenue by Learning How to Use <strong>Clickfunnels</strong> to Build Beautiful & Converting Funnels Easily!Rating: 4.0 out of 53 reviews2 total hours23 lecturesAll Levels","Site born",3,,,,2,23,"https://www.udemy.com/course/clickfunnels-course/"
"Sales Funnel Mastery For Digital Products With ClickfunnelsHow to Sell Information Products, Training Courses, Software or Any Type of Digital Product or Service.Rating: 4.1 out of 517 reviews1 total hour17 lecturesAll Levels","Fredrik Blanke",17,,,,1,17,"https://www.udemy.com/course/sales-funnel-mastery-for-digital-products-with-clickfunnels/"
"ActiveCampaign Masterclass 2023 + ClickFunnels IntegrationBuild Email Automation, High-Converting Campaigns, Sales Funnels And Automate Your Business.Rating: 4.3 out of 55 reviews1 total hour9 lecturesAll Levels","Mario Jurik",5,,,,1,9,"https://www.udemy.com/course/activecampaign-masterclass/"
"Clickfunnels de A à Z par FunnelPirateTVMaitrisez l'outil <strong>clickfunnels</strong> pour vous et vos clientsRating: 3.4 out of 538 reviews5.5 total hours24 lecturesExpert","Leo Castel",38,,,,5.5,24,"https://www.udemy.com/course/clickfunnels-funnelpiratetv/"
"ClickFunnels pour Débuter - Petit BudgetClikfunnels France - Formation 100% Pratique pour maitrisser parfaitement l'outil en moins d'une journéeRating: 4.6 out of 517 reviews2 total hours10 lecturesAll Levels","Menu Damien",17,,,,2,10,"https://www.udemy.com/course/clickfunnelsfrance/"
"Aprende a usar ClickFunnels al completo en EspañolCurso de <strong>ClickFunnels</strong>: vende tus productos y servicios en línea y convierte más gracias a los embudos de venta.Rating: 4.3 out of 5161 reviews2.5 total hours20 lecturesAll Levels","Vincenzo Micale",161,,,,2.5,20,"https://www.udemy.com/course/curso-clickfunnels/"
"ProfitFunnel Masterclass - How To Create A Sales FunnelLearn How To Build High-Converting Sales Funnels!Rating: 4.3 out of 516 reviews2.5 total hours10 lecturesAll Levels","Kitti Neumann",16,,,,2.5,10,"https://www.udemy.com/course/profitfunnel/"
"Build A Real Estate Sales Funnel & Realtor Website QuicklyHow to build a professional lead generation website fast and start to generate more buyer & seller leads online with itRating: 4.3 out of 522 reviews2 total hours21 lecturesAll Levels","Nick Tsai",22,,,,2,21,"https://www.udemy.com/course/build-a-real-estate-sales-funnel-realtor-website-quickly/"
"Build Landing Pages & Course Funnels With Thrive ThemesLearn why Thrive Themes Content Builder Is Awesome for Selling Digital Products, Sales Pages, Lead Generation & MoreRating: 4.3 out of 5271 reviews1.5 total hours15 lecturesAll Levels","John Shea",271,,,,1.5,15,"https://www.udemy.com/course/build-landing-pages-course-funnels-with-thrive-themes/"
"Ultimate Email Marketing Mastery 2021 Freebies IncludeLearn How To Build 6-7 Figure Lifestyle Using Affiliate Marketing With Email MarketingRating: 4.5 out of 510 reviews1.5 total hours15 lecturesAll Levels","Serg Exclusive",10,,,,1.5,15,"https://www.udemy.com/course/ultimate-email-marketing-mastery-2021/"
"ClickFunnels: Boostez vos ventes avec les tunnels de ventesComment générer des ventes en automatique sans être un expert du MarketingRating: 4.0 out of 519 reviews2.5 total hours12 lecturesAll Levels","Ducasse Goyd",19,,,,2.5,12,"https://www.udemy.com/course/clickfunnels-boostez-vos-ventes-avec-les-tunnels-de-ventes/"
"How To Market Your Book & Grow Your Mailing ListHow To Market Your Book & Grow Your Mailing List Without Having To Hire an Expensive Marketing/Advertising AgencyRating: 4.6 out of 522 reviews1 total hour8 lecturesBeginner","Jared Burdick",22,,,,1,8,"https://www.udemy.com/course/how-to-market-your-book-grow-your-mailing-list/"
"ClickFunnels Tutorial Italiano 2023 + Funnels GRATUITIScopri come utilizzare <strong>ClickFunnels</strong> e costruire fantastici funnels di vendita (da un creatore di funnels di vendita TOP)Rating: 3.6 out of 538 reviews2 total hours2 lecturesAll Levels","Stefano Montana",38,,,,2,2,"https://www.udemy.com/course/clickfunnels-tutorial-italiano-2020-funnels-gratuiti/"
"Business en Automatique sur internet grâce à Systeme io+ 3 idées pour 2021 : sio, system io , tunnel de vente, builderall, <strong>clickfunnel</strong>, facebook, marketing, web, publicité,Rating: 4.0 out of 58 reviews1 total hour16 lecturesBeginner","Pascal SELINOU",8,,,,1,16,"https://www.udemy.com/course/business-en-automatique/"
"Launch your first dental website quickly with ClickfunnelsHow to build a website for your dental practice quickly & easily with done-for-you dental website template & seo tipsRating: 0.0 out of 50 reviews1.5 total hours15 lecturesBeginner","Nick Tsai",,,,,1.5,15,"https://www.udemy.com/course/dental-website/"
"Votre Business sur Pilotage Automatique avec CLICKFUNNELSFormation-DEFI sur 5 jours : Créez un Business en ligne Complet et Automatique grâce aux TUNNELS DE VENTE <strong>CLICKFUNNELS</strong>Rating: 4.3 out of 516 reviews1.5 total hours22 lecturesBeginner","Pascal SELINOU",16,,,,1.5,22,"https://www.udemy.com/course/votre-business-avec-click-funnels/"
"Launch Your First UDEMY Course In 7 Days or Less -UnofficialLearn the Secrets to Online Course Creation in Less than 7 days and get First 1000 Students Quickly!Rating: 4.8 out of 5264 reviews2 total hours56 lecturesBeginner","Impact Millions Online",264,,,,2,56,"https://www.udemy.com/course/launch-your-first-awesome-online-course-in-less-than-7-days/"
"Build a Sales Funnel To Sell Information Products & CoursesUse our pre-built <strong>Clickfunnels</strong> funnel to sell information, courses & get clients using our step-by-step instructionsRating: 3.6 out of 521 reviews1 total hour8 lecturesAll Levels","Chris Funnell",21,,,,1,8,"https://www.udemy.com/course/build-a-sales-funnel-to-sell-information-products-courses/"
"Online Business: 10 Income Streams You Can Start TodayLearn a variety of online business models that you can start in order to develop a passive income today.Rating: 3.8 out of 5546 reviews1.5 total hours16 lecturesBeginner","Adam Reed",546,,,,1.5,16,"https://www.udemy.com/course/online-business-10-income-streams-you-can-start-today/"
"6 Effective Landing Pages Examples to take inspirationLanding Page Optimization 101: Learn from 6 of the most successful Landing Page of 2021 (Beginner Guide)Rating: 4.1 out of 525 reviews35 total mins7 lecturesBeginner","Alessio Lorandi",25,,,,35,7,"https://www.udemy.com/course/6-effective-landing-pages-examples-to-take-inspiration/"
"Funnel Eğitimi | A'dan Z'ye Sıfırdan Funnel Kursu & ÜcretsizSıfırdan İleri Seviye Funnel Eğitimi - Ücretsiz, Uygulamalı & Online Kurs | Funnel Nedir? Funnel Nasıl Kurulur Eğitimi!Rating: 3.6 out of 530 reviews42 total mins9 lecturesAll Levels","Dopinger TR",30,,,,42,9,"https://www.udemy.com/course/funnel-egitimi/"
"Software Business Online ClickFunnel o Systemeio FORMAZIONEUtilizzare facilmente il Software Systeme io per Business Online +Funnels - also in English. Try it for forever.Rating: 3.9 out of 52 reviews2 total hours12 lecturesBeginner","Joseph Bartollino",2,,,,2,12,"https://www.udemy.com/course/software-business-online-clickfunnel-o-systeme-io-funnels/"
"Sales Funnel Optimization StrategiesLearn how to optimize your sales funnel. It will show you key strategies to get more sales with sales funnel fast!Rating: 4.6 out of 542 reviews1 total hour10 lecturesAll Levels","Captain F Harlock",42,,,,1,10,"https://www.udemy.com/course/learn-sales-funnel-optimization-strategies/"
"Sales Funnel: Creating a Sales Funnel Using Thrive ArchitectCreate Your Very First Sales Funnel. A Sample Mini-Course About Sales Funnel Using Thrive Themes Content Builder.Rating: 4.1 out of 5200 reviews1 total hour21 lecturesBeginner","Lazuk Hasan",200,,,,1,21,"https://www.udemy.com/course/create-sales-funnel-using-thrive-architect/"
"How To Build A Marketing Funnel: Get Customers On AutopilotBuild A Funnel - Get Customers On AutopilotRating: 3.2 out of 53 reviews1.5 total hours5 lecturesBeginner","Adrian Hallberg",3,,,,1.5,5,"https://www.udemy.com/course/how-to-build-a-marketing-funnel/"
"コストを抑えたいオンラインビジネスオーナーに。アメリカ最新オールインワン・マーケティングツール「GrooveAsia」アメリカ最新最強！  オールインワン マーケティング（セールス） プラットフォームが登場。ClickFunnelsやKajabiよりも優秀？！ファネル構築、これ一つで完全自動化。オンラインビジネスのためのツール「GrooveAsia」とは？Rating: 4.7 out of 530 reviews1.5 total hours30 lecturesAll Levels","Portland Essentials（ポートランド・エッセンシャルズ） ちえ",30,,,,1.5,30,"https://www.udemy.com/course/grooveasia/"